<?xml version="1.0" encoding="UTF-8"?>
<M3_Key_Search_ID>
  <MetaInfo>
    <Date>2021-12-22</Date>
    <Time>09:10:46</Time>
    <UserID>BODJOA0</UserID>
    <UserName>Joakim Bodin</UserName>
    <Company>400</Company>
    <Division>BBC</Division>
    <FileName>KEY SEARCH ZBP_ITEM_DESC.xml</FileName></MetaInfo>
  <Content>
    <Delete>
      <APIProgram>CMS030MI</APIProgram>
      <Transaction>DelKeySearch</Transaction>
      <Fields>
        <Q2CONI>ZBP_ITEM_DESC</Q2CONI>
        <Q2FILE>MITMAS</Q2FILE>
        <Q2USID></Q2USID>
        <Q2ROLL></Q2ROLL>
        <Q2PGNM></Q2PGNM>
        <Q2SQNR>01</Q2SQNR></Fields></Delete>
    <Add>
      <APIProgram>CMS030MI</APIProgram>
      <Transaction>AddKeySearch</Transaction>
      <Fields>
        <Q0CONI>ZBP_ITEM_DESC</Q0CONI>
        <Q0FILE>MITMAS</Q0FILE>
        <Q0USID></Q0USID>
        <Q0ROLL></Q0ROLL>
        <Q0PGNM></Q0PGNM>
        <Q0TX15>Item descr</Q0TX15>
        <Q0TX30>Item descr</Q0TX30>
        <Q0MSID></Q0MSID>
        <Q0FL01>ITNO</Q0FL01>
        <Q0FL02></Q0FL02>
        <Q0FL03></Q0FL03>
        <Q0FL04></Q0FL04>
        <Q0FL05></Q0FL05>
        <Q0FL06></Q0FL06>
        <Q0FL07></Q0FL07>
        <Q0FL08></Q0FL08>
        <Q0FL09></Q0FL09>
        <Q0FL10></Q0FL10>
        <Q0FL11></Q0FL11>
        <Q0FL12></Q0FL12>
        <Q0FL13></Q0FL13>
        <Q0FL14></Q0FL14>
        <Q0FL15></Q0FL15>
        <Q0FL16></Q0FL16>
        <Q0SQRY>ITDS:&lt;QRY&gt; OR FUDS:&lt;QRY&gt;</Q0SQRY>
        <Q0STAT>20</Q0STAT>
        <Q0SCNI></Q0SCNI>
        <Q0SQNR>01</Q0SQNR>
        <Q0TXID>0000000000000</Q0TXID>
        <Q0PRIO>0</Q0PRIO>
        <Q0FLDT>8</Q0FLDT></Fields></Add></Content></M3_Key_Search_ID>