<?xml version="1.0" encoding="UTF-8"?>
<M3_Customer_MI_Group_Content>
  <MetaInfo>
    <Date>2022-01-04</Date>
    <Time>14:32:17</Time>
    <UserID>BODJOA0</UserID>
    <UserName>Joakim Bodin</UserName>
    <Company>400</Company>
    <Division>BBC</Division>
    <FileName>TRANS ID LSTZBP_MPAGRP.xml</FileName>
    <Version>1</Version></MetaInfo>
  <Content>
    <Check>
      <APIProgram>CMS010MI</APIProgram>
      <Transaction>CheckSortOption</Transaction>
      <Fields>
        <Q8FILE>MPAGRP</Q8FILE>
        <Q8SOPT>00</Q8SOPT>
        <Q8KEY1>AJSUNO</Q8KEY1>
        <Q8KEY2>AJAGNB</Q8KEY2>
        <Q8KEY3>AJGRPI</Q8KEY3>
        <Q8KEY4>AJOBV1</Q8KEY4>
        <Q8KEY5>AJOBV2</Q8KEY5>
        <Q8KEY6>AJOBV3</Q8KEY6>
        <Q8KEY7>AJOBV4</Q8KEY7>
        <Q8KEY8>AJFVDT</Q8KEY8>
        <Q8KEY9>AJFRQT</Q8KEY9></Fields></Check>
    <Check>
      <APIProgram>CMS010MI</APIProgram>
      <Transaction>CheckSortOption</Transaction>
      <Fields>
        <Q8FILE>MPAGRP</Q8FILE>
        <Q8SOPT>30</Q8SOPT>
        <Q8KEY1>AJSUNO</Q8KEY1>
        <Q8KEY2>AJAGNB</Q8KEY2>
        <Q8KEY3>AJSEQN</Q8KEY3>
        <Q8KEY4>AJFRQT</Q8KEY4>
        <Q8KEY5>AJGRPI</Q8KEY5>
        <Q8KEY6>AJOBV1</Q8KEY6>
        <Q8KEY7>AJOBV2</Q8KEY7>
        <Q8KEY8>AJOBV3</Q8KEY8>
        <Q8KEY9>AJOBV4</Q8KEY9>
        <Q8KE10>AJFVDT</Q8KE10></Fields></Check>
    <Delete>
      <APIProgram>CMS010MI</APIProgram>
      <Transaction>DelInfoCat</Transaction>
      <Fields>
        <Q1IBCA>ZBP_MPAGRP</Q1IBCA></Fields></Delete>
    <Add>
      <APIProgram>CMS010MI</APIProgram>
      <Transaction>ImportInfoCat</Transaction>
      <Fields>
        <Q7IBCA>ZBP_MPAGRP</Q7IBCA>
        <Q7TX40>Purchase agreements</Q7TX40>
        <Q7TX15>Purchase agreem</Q7TX15>
        <Q7FILE>MPAGRP</Q7FILE>
        <Q7UBPG>CMS100</Q7UBPG>
        <Q7SNDU>0</Q7SNDU>
        <Q7AGGU>0</Q7AGGU>
        <Q7PRLI>0</Q7PRLI></Fields></Add>
    <Add>
      <APIProgram>MNS120MI</APIProgram>
      <Transaction>Add</Transaction>
      <Fields>
        <Q0FILE>MPAGRP</Q0FILE>
        <Q0RFMT>          </Q0RFMT>
        <Q0FTYP>P</Q0FTYP>
        <Q0SEQ1>0</Q0SEQ1>
        <Q0MXKL>0</Q0MXKL>
        <Q0BPGM>PPS102</Q0BPGM>
        <Q0TX40>Purchase agreement prices</Q0TX40>
        <Q0TX15>Purchase agreem</Q0TX15></Fields></Add>
    <Add>
      <APIProgram>MNS120MI</APIProgram>
      <Transaction>Supplement</Transaction>
      <Fields>
        <Q7FILE>MPAGRP</Q7FILE>
        <Q7BPGM>PPS102</Q7BPGM></Fields></Add>
    <Delete>
      <APIProgram>MNS120MI</APIProgram>
      <Transaction>Chg</Transaction>
      <Fields>
        <Q1FILE>MPAGRP</Q1FILE>
        <Q1BPGM>PPS102</Q1BPGM></Fields></Delete>
    <Add>
      <APIProgram>CMS011MI</APIProgram>
      <Transaction>AddFields</Transaction>
      <Fields>
        <Q5IBCA>ZBP_MPAGRP</Q5IBCA>
        <Q5MGRP></Q5MGRP>
        <Q5FILE>MPAGRP</Q5FILE>
        <Q5FIPX></Q5FIPX>
        <Q5FDI1>AJAGNB</Q5FDI1>
        <Q5FDI2>AJCHID</Q5FDI2>
        <Q5FDI3>AJCHNO</Q5FDI3>
        <Q5FDI4>AJDIP3</Q5FDI4>
        <Q5FDI5>AJFACI</Q5FDI5>
        <Q5FDI6>AJFRQT</Q5FDI6>
        <Q5FDI7>AJFVDT</Q5FDI7>
        <Q5FDI8>AJGRPI</Q5FDI8>
        <Q5FDI9>AJLMDT</Q5FDI9>
        <Q5FDIA>AJMAPR</Q5FDIA>
        <Q5FDB1>00007</Q5FDB1>
        <Q5FDB2>00010</Q5FDB2>
        <Q5FDB3>00003</Q5FDB3>
        <Q5FDB4>00005</Q5FDB4>
        <Q5FDB5>00003</Q5FDB5>
        <Q5FDB6>00015</Q5FDB6>
        <Q5FDB7>00008</Q5FDB7>
        <Q5FDB8>00002</Q5FDB8>
        <Q5FDB9>00008</Q5FDB9>
        <Q5FDBA>00001</Q5FDBA>
        <Q5OVM1></Q5OVM1>
        <Q5OVM2></Q5OVM2>
        <Q5OVM3></Q5OVM3>
        <Q5OVM4></Q5OVM4>
        <Q5OVM5></Q5OVM5>
        <Q5OVM6></Q5OVM6>
        <Q5OVM7></Q5OVM7>
        <Q5OVM8></Q5OVM8>
        <Q5OVM9></Q5OVM9>
        <Q5OVMA></Q5OVMA>
        <Q5OVN1></Q5OVN1>
        <Q5OVN2></Q5OVN2>
        <Q5OVN3></Q5OVN3>
        <Q5OVN4></Q5OVN4>
        <Q5OVN5></Q5OVN5>
        <Q5OVN6></Q5OVN6>
        <Q5OVN7></Q5OVN7>
        <Q5OVN8></Q5OVN8>
        <Q5OVN9></Q5OVN9>
        <Q5OVNA></Q5OVNA>
        <Q5MSF1></Q5MSF1>
        <Q5MSF2></Q5MSF2>
        <Q5MSF3></Q5MSF3>
        <Q5MSF4></Q5MSF4>
        <Q5MSF5></Q5MSF5>
        <Q5MSF6></Q5MSF6>
        <Q5MSF7></Q5MSF7>
        <Q5MSF8></Q5MSF8>
        <Q5MSF9></Q5MSF9>
        <Q5MSFA></Q5MSFA>
        <Q5RPBK>000</Q5RPBK></Fields></Add>
    <Add>
      <APIProgram>CMS011MI</APIProgram>
      <Transaction>AddFields</Transaction>
      <Fields>
        <Q5IBCA>ZBP_MPAGRP</Q5IBCA>
        <Q5MGRP></Q5MGRP>
        <Q5FILE>MPAGRP</Q5FILE>
        <Q5FIPX></Q5FIPX>
        <Q5FDI1>AJOBV1</Q5FDI1>
        <Q5FDI2>AJOBV2</Q5FDI2>
        <Q5FDI3>AJOBV3</Q5FDI3>
        <Q5FDI4>AJOBV4</Q5FDI4>
        <Q5FDI5>AJPUPR</Q5FDI5>
        <Q5FDI6>AJRGDT</Q5FDI6>
        <Q5FDI7>AJRGTM</Q5FDI7>
        <Q5FDI8>AJSEQN</Q5FDI8>
        <Q5FDI9>AJSUNO</Q5FDI9>
        <Q5FDIA>AJTXID</Q5FDIA>
        <Q5FDB1>00020</Q5FDB1>
        <Q5FDB2>00020</Q5FDB2>
        <Q5FDB3>00020</Q5FDB3>
        <Q5FDB4>00020</Q5FDB4>
        <Q5FDB5>00017</Q5FDB5>
        <Q5FDB6>00008</Q5FDB6>
        <Q5FDB7>00006</Q5FDB7>
        <Q5FDB8>00007</Q5FDB8>
        <Q5FDB9>00010</Q5FDB9>
        <Q5FDBA>00013</Q5FDBA>
        <Q5OVM1></Q5OVM1>
        <Q5OVM2></Q5OVM2>
        <Q5OVM3></Q5OVM3>
        <Q5OVM4></Q5OVM4>
        <Q5OVM5></Q5OVM5>
        <Q5OVM6></Q5OVM6>
        <Q5OVM7></Q5OVM7>
        <Q5OVM8></Q5OVM8>
        <Q5OVM9></Q5OVM9>
        <Q5OVMA></Q5OVMA>
        <Q5OVN1></Q5OVN1>
        <Q5OVN2></Q5OVN2>
        <Q5OVN3></Q5OVN3>
        <Q5OVN4></Q5OVN4>
        <Q5OVN5></Q5OVN5>
        <Q5OVN6></Q5OVN6>
        <Q5OVN7></Q5OVN7>
        <Q5OVN8></Q5OVN8>
        <Q5OVN9></Q5OVN9>
        <Q5OVNA></Q5OVNA>
        <Q5MSF1></Q5MSF1>
        <Q5MSF2></Q5MSF2>
        <Q5MSF3></Q5MSF3>
        <Q5MSF4></Q5MSF4>
        <Q5MSF5></Q5MSF5>
        <Q5MSF6></Q5MSF6>
        <Q5MSF7></Q5MSF7>
        <Q5MSF8></Q5MSF8>
        <Q5MSF9></Q5MSF9>
        <Q5MSFA></Q5MSFA>
        <Q5RPBK>000</Q5RPBK></Fields></Add>
    <Delete>
      <APIProgram>CMS011MI</APIProgram>
      <Transaction>DelRelatedTable</Transaction>
      <Fields>
        <Q1IBCA>ZBP_MPAGRP</Q1IBCA>
        <Q1FILE>CIDMAS</Q1FILE>
        <Q1FIPX>ID</Q1FIPX>
        <Q1RPBK>000</Q1RPBK></Fields></Delete>
    <Add>
      <APIProgram>CMS011MI</APIProgram>
      <Transaction>AddRelatedTable</Transaction>
      <Fields>
        <Q0IBCA>ZBP_MPAGRP</Q0IBCA>
        <Q0FILE>CIDMAS</Q0FILE>
        <Q0FIPX>ID</Q0FIPX>
        <Q0OB01>AJCONO</Q0OB01>
        <Q0OB02>AJSUNO</Q0OB02>
        <Q0OB03></Q0OB03>
        <Q0OB04></Q0OB04>
        <Q0OB05></Q0OB05>
        <Q0OB06></Q0OB06>
        <Q0OB07></Q0OB07>
        <Q0OB08></Q0OB08>
        <Q0OB09></Q0OB09>
        <Q0OB10></Q0OB10>
        <Q0OB11></Q0OB11>
        <Q0OB12></Q0OB12>
        <Q0OB13></Q0OB13>
        <Q0OB14></Q0OB14>
        <Q0OB15></Q0OB15>
        <Q0OB16></Q0OB16>
        <Q0VAL1></Q0VAL1>
        <Q0VAL2></Q0VAL2>
        <Q0VAL3></Q0VAL3>
        <Q0VAL4></Q0VAL4>
        <Q0VAL5></Q0VAL5>
        <Q0VAL6></Q0VAL6>
        <Q0VAL7></Q0VAL7>
        <Q0VAL8></Q0VAL8>
        <Q0VAL9></Q0VAL9>
        <Q0VA10></Q0VA10>
        <Q0VA11></Q0VA11>
        <Q0VA12></Q0VA12>
        <Q0VA13></Q0VA13>
        <Q0VA14></Q0VA14>
        <Q0VA15></Q0VA15>
        <Q0VA16></Q0VA16>
        <Q0RO01>01</Q0RO01>
        <Q0RO02>01</Q0RO02>
        <Q0RO03>00</Q0RO03>
        <Q0RO04>00</Q0RO04>
        <Q0RO05>00</Q0RO05>
        <Q0RO06>00</Q0RO06>
        <Q0RO07>00</Q0RO07>
        <Q0RO08>00</Q0RO08>
        <Q0RO09>00</Q0RO09>
        <Q0RO10>00</Q0RO10>
        <Q0RO11>00</Q0RO11>
        <Q0RO12>00</Q0RO12>
        <Q0RO13>00</Q0RO13>
        <Q0RO14>00</Q0RO14>
        <Q0RO15>00</Q0RO15>
        <Q0RO16>00</Q0RO16>
        <Q0FI01>MPAGRP</Q0FI01>
        <Q0FI02>MPAGRP</Q0FI02>
        <Q0FI03></Q0FI03>
        <Q0FI04></Q0FI04>
        <Q0FI05></Q0FI05>
        <Q0FI06></Q0FI06>
        <Q0FI07></Q0FI07>
        <Q0FI08></Q0FI08>
        <Q0FI09></Q0FI09>
        <Q0FI10></Q0FI10>
        <Q0FI11></Q0FI11>
        <Q0FI12></Q0FI12>
        <Q0FI13></Q0FI13>
        <Q0FI14></Q0FI14>
        <Q0FI15></Q0FI15>
        <Q0FI16></Q0FI16>
        <Q0SNNO>000</Q0SNNO>
        <Q0SOPT>00</Q0SOPT>
        <Q0CETP>01</Q0CETP>
        <Q0TX40>Supplier</Q0TX40>
        <Q0TX15>Supplier</Q0TX15>
        <Q0RPBK>000</Q0RPBK>
        <Q0TR01>0</Q0TR01>
        <Q0TR02>0</Q0TR02>
        <Q0TR03>0</Q0TR03>
        <Q0TR04>0</Q0TR04>
        <Q0TR05>0</Q0TR05>
        <Q0TR06>0</Q0TR06>
        <Q0TR07>0</Q0TR07>
        <Q0TR08>0</Q0TR08>
        <Q0TR09>0</Q0TR09>
        <Q0TR10>0</Q0TR10>
        <Q0TR11>0</Q0TR11>
        <Q0TR12>0</Q0TR12>
        <Q0TR13>0</Q0TR13>
        <Q0TR14>0</Q0TR14>
        <Q0TR15>0</Q0TR15>
        <Q0TR16>0</Q0TR16>
        <Q0EGR1>0</Q0EGR1>
        <Q0EGR2>0</Q0EGR2>
        <Q0EGR3>0</Q0EGR3>
        <Q0EGR4>0</Q0EGR4>
        <Q0EGR5>0</Q0EGR5>
        <Q0FG01>0</Q0FG01>
        <Q0KF01></Q0KF01>
        <Q0CD01>00</Q0CD01>
        <Q0EO01></Q0EO01>
        <Q0VL01></Q0VL01>
        <Q0BD01>00</Q0BD01>
        <Q0FG02>0</Q0FG02>
        <Q0KF02></Q0KF02>
        <Q0CD02>00</Q0CD02>
        <Q0EO02></Q0EO02>
        <Q0VL02></Q0VL02>
        <Q0BD02>00</Q0BD02>
        <Q0FG03>0</Q0FG03>
        <Q0KF03></Q0KF03>
        <Q0CD03>00</Q0CD03>
        <Q0EO03></Q0EO03>
        <Q0VL03></Q0VL03>
        <Q0BD03>00</Q0BD03>
        <Q0FG04>0</Q0FG04>
        <Q0KF04></Q0KF04>
        <Q0CD04>00</Q0CD04>
        <Q0EO04></Q0EO04>
        <Q0VL04></Q0VL04>
        <Q0BD04>00</Q0BD04>
        <Q0FG05>0</Q0FG05>
        <Q0KF05></Q0KF05>
        <Q0CD05>00</Q0CD05>
        <Q0EO05></Q0EO05>
        <Q0VL05></Q0VL05>
        <Q0BD05>00</Q0BD05>
        <Q0FG06>0</Q0FG06>
        <Q0KF06></Q0KF06>
        <Q0CD06>00</Q0CD06>
        <Q0EO06></Q0EO06>
        <Q0VL06></Q0VL06>
        <Q0BD06>00</Q0BD06>
        <Q0FG07>0</Q0FG07>
        <Q0KF07></Q0KF07>
        <Q0CD07>00</Q0CD07>
        <Q0EO07></Q0EO07>
        <Q0VL07></Q0VL07>
        <Q0BD07>00</Q0BD07>
        <Q0FG08>0</Q0FG08>
        <Q0KF08></Q0KF08>
        <Q0CD08>00</Q0CD08>
        <Q0EO08></Q0EO08>
        <Q0VL08></Q0VL08>
        <Q0BD08>00</Q0BD08>
        <Q0FG09>0</Q0FG09>
        <Q0KF09></Q0KF09>
        <Q0CD09>00</Q0CD09>
        <Q0EO09></Q0EO09>
        <Q0VL09></Q0VL09>
        <Q0BD09>00</Q0BD09>
        <Q0FG10>0</Q0FG10>
        <Q0KF10></Q0KF10>
        <Q0CD10>00</Q0CD10>
        <Q0EO10></Q0EO10>
        <Q0VL10></Q0VL10>
        <Q0BD10>00</Q0BD10></Fields></Add>
    <Add>
      <APIProgram>CMS011MI</APIProgram>
      <Transaction>AddFields</Transaction>
      <Fields>
        <Q5IBCA>ZBP_MPAGRP</Q5IBCA>
        <Q5MGRP></Q5MGRP>
        <Q5FILE>CIDMAS</Q5FILE>
        <Q5FIPX></Q5FIPX>
        <Q5FDI1>IDALSU</Q5FDI1>
        <Q5FDI2>IDCFI1</Q5FDI2>
        <Q5FDI3>IDCFI2</Q5FDI3>
        <Q5FDI4>IDCFI3</Q5FDI4>
        <Q5FDI5>IDCFI4</Q5FDI5>
        <Q5FDI6>IDCFI5</Q5FDI6>
        <Q5FDI7>IDCHID</Q5FDI7>
        <Q5FDI8>IDCHNO</Q5FDI8>
        <Q5FDI9>IDCOR2</Q5FDI9>
        <Q5FDIA>IDCORG</Q5FDIA>
        <Q5FDB1>00010</Q5FDB1>
        <Q5FDB2>00010</Q5FDB2>
        <Q5FDB3>00015</Q5FDB3>
        <Q5FDB4>00003</Q5FDB4>
        <Q5FDB5>00005</Q5FDB5>
        <Q5FDB6>00001</Q5FDB6>
        <Q5FDB7>00010</Q5FDB7>
        <Q5FDB8>00003</Q5FDB8>
        <Q5FDB9>00011</Q5FDB9>
        <Q5FDBA>00011</Q5FDBA>
        <Q5OVM1></Q5OVM1>
        <Q5OVM2></Q5OVM2>
        <Q5OVM3></Q5OVM3>
        <Q5OVM4></Q5OVM4>
        <Q5OVM5></Q5OVM5>
        <Q5OVM6></Q5OVM6>
        <Q5OVM7></Q5OVM7>
        <Q5OVM8></Q5OVM8>
        <Q5OVM9></Q5OVM9>
        <Q5OVMA></Q5OVMA>
        <Q5OVN1></Q5OVN1>
        <Q5OVN2></Q5OVN2>
        <Q5OVN3></Q5OVN3>
        <Q5OVN4></Q5OVN4>
        <Q5OVN5></Q5OVN5>
        <Q5OVN6></Q5OVN6>
        <Q5OVN7></Q5OVN7>
        <Q5OVN8></Q5OVN8>
        <Q5OVN9></Q5OVN9>
        <Q5OVNA></Q5OVNA>
        <Q5MSF1></Q5MSF1>
        <Q5MSF2></Q5MSF2>
        <Q5MSF3></Q5MSF3>
        <Q5MSF4></Q5MSF4>
        <Q5MSF5></Q5MSF5>
        <Q5MSF6></Q5MSF6>
        <Q5MSF7></Q5MSF7>
        <Q5MSF8></Q5MSF8>
        <Q5MSF9></Q5MSF9>
        <Q5MSFA></Q5MSFA>
        <Q5RPBK>000</Q5RPBK></Fields></Add>
    <Add>
      <APIProgram>CMS011MI</APIProgram>
      <Transaction>AddFields</Transaction>
      <Fields>
        <Q5IBCA>ZBP_MPAGRP</Q5IBCA>
        <Q5MGRP></Q5MGRP>
        <Q5FILE>CIDMAS</Q5FILE>
        <Q5FIPX></Q5FIPX>
        <Q5FDI1>IDCSCD</Q5FDI1>
        <Q5FDI2>IDDESV</Q5FDI2>
        <Q5FDI3>IDDTFM</Q5FDI3>
        <Q5FDI4>IDECAR</Q5FDI4>
        <Q5FDI5>IDEDIT</Q5FDI5>
        <Q5FDI6>IDFWSC</Q5FDI6>
        <Q5FDI7>IDGEOC</Q5FDI7>
        <Q5FDI8>IDHAFE</Q5FDI8>
        <Q5FDI9>IDLMDT</Q5FDI9>
        <Q5FDIA>IDLMTS</Q5FDIA>
        <Q5FDB1>00003</Q5FDB1>
        <Q5FDB2>00002</Q5FDB2>
        <Q5FDB3>00003</Q5FDB3>
        <Q5FDB4>00002</Q5FDB4>
        <Q5FDB5>00001</Q5FDB5>
        <Q5FDB6>00004</Q5FDB6>
        <Q5FDB7>00009</Q5FDB7>
        <Q5FDB8>00006</Q5FDB8>
        <Q5FDB9>00008</Q5FDB9>
        <Q5FDBA>00018</Q5FDBA>
        <Q5OVM1></Q5OVM1>
        <Q5OVM2></Q5OVM2>
        <Q5OVM3></Q5OVM3>
        <Q5OVM4></Q5OVM4>
        <Q5OVM5></Q5OVM5>
        <Q5OVM6></Q5OVM6>
        <Q5OVM7></Q5OVM7>
        <Q5OVM8></Q5OVM8>
        <Q5OVM9></Q5OVM9>
        <Q5OVMA></Q5OVMA>
        <Q5OVN1></Q5OVN1>
        <Q5OVN2></Q5OVN2>
        <Q5OVN3></Q5OVN3>
        <Q5OVN4></Q5OVN4>
        <Q5OVN5></Q5OVN5>
        <Q5OVN6></Q5OVN6>
        <Q5OVN7></Q5OVN7>
        <Q5OVN8></Q5OVN8>
        <Q5OVN9></Q5OVN9>
        <Q5OVNA></Q5OVNA>
        <Q5MSF1></Q5MSF1>
        <Q5MSF2></Q5MSF2>
        <Q5MSF3></Q5MSF3>
        <Q5MSF4></Q5MSF4>
        <Q5MSF5></Q5MSF5>
        <Q5MSF6></Q5MSF6>
        <Q5MSF7></Q5MSF7>
        <Q5MSF8></Q5MSF8>
        <Q5MSF9></Q5MSF9>
        <Q5MSFA></Q5MSFA>
        <Q5RPBK>000</Q5RPBK></Fields></Add>
    <Add>
      <APIProgram>CMS011MI</APIProgram>
      <Transaction>AddFields</Transaction>
      <Fields>
        <Q5IBCA>ZBP_MPAGRP</Q5IBCA>
        <Q5MGRP></Q5MGRP>
        <Q5FILE>CIDMAS</Q5FILE>
        <Q5FIPX></Q5FIPX>
        <Q5FDI1>IDLNCD</Q5FDI1>
        <Q5FDI2>IDMEPF</Q5FDI2>
        <Q5FDI3>IDPHN2</Q5FDI3>
        <Q5FDI4>IDPHNO</Q5FDI4>
        <Q5FDI5>IDPODA</Q5FDI5>
        <Q5FDI6>IDPPIN</Q5FDI6>
        <Q5FDI7>IDRASN</Q5FDI7>
        <Q5FDI8>IDRGDT</Q5FDI8>
        <Q5FDI9>IDRGTM</Q5FDI9>
        <Q5FDIA>IDSTAT</Q5FDIA>
        <Q5FDB1>00002</Q5FDB1>
        <Q5FDB2>00002</Q5FDB2>
        <Q5FDB3>00016</Q5FDB3>
        <Q5FDB4>00016</Q5FDB4>
        <Q5FDB5>00003</Q5FDB5>
        <Q5FDB6>00001</Q5FDB6>
        <Q5FDB7>00010</Q5FDB7>
        <Q5FDB8>00008</Q5FDB8>
        <Q5FDB9>00006</Q5FDB9>
        <Q5FDBA>00002</Q5FDBA>
        <Q5OVM1></Q5OVM1>
        <Q5OVM2></Q5OVM2>
        <Q5OVM3></Q5OVM3>
        <Q5OVM4></Q5OVM4>
        <Q5OVM5></Q5OVM5>
        <Q5OVM6></Q5OVM6>
        <Q5OVM7></Q5OVM7>
        <Q5OVM8></Q5OVM8>
        <Q5OVM9></Q5OVM9>
        <Q5OVMA></Q5OVMA>
        <Q5OVN1></Q5OVN1>
        <Q5OVN2></Q5OVN2>
        <Q5OVN3></Q5OVN3>
        <Q5OVN4></Q5OVN4>
        <Q5OVN5></Q5OVN5>
        <Q5OVN6></Q5OVN6>
        <Q5OVN7></Q5OVN7>
        <Q5OVN8></Q5OVN8>
        <Q5OVN9></Q5OVN9>
        <Q5OVNA></Q5OVNA>
        <Q5MSF1></Q5MSF1>
        <Q5MSF2></Q5MSF2>
        <Q5MSF3></Q5MSF3>
        <Q5MSF4></Q5MSF4>
        <Q5MSF5></Q5MSF5>
        <Q5MSF6></Q5MSF6>
        <Q5MSF7></Q5MSF7>
        <Q5MSF8></Q5MSF8>
        <Q5MSF9></Q5MSF9>
        <Q5MSFA></Q5MSFA>
        <Q5RPBK>000</Q5RPBK></Fields></Add>
    <Add>
      <APIProgram>CMS011MI</APIProgram>
      <Transaction>AddFields</Transaction>
      <Fields>
        <Q5IBCA>ZBP_MPAGRP</Q5IBCA>
        <Q5MGRP></Q5MGRP>
        <Q5FILE>CIDMAS</Q5FILE>
        <Q5FIPX></Q5FIPX>
        <Q5FDI1>IDSUAL</Q5FDI1>
        <Q5FDI2>IDSUCM</Q5FDI2>
        <Q5FDI3>IDSUCO</Q5FDI3>
        <Q5FDI4>IDSUNM</Q5FDI4>
        <Q5FDI5>IDSUNO</Q5FDI5>
        <Q5FDI6>IDSUTY</Q5FDI6>
        <Q5FDI7>IDTFNO</Q5FDI7>
        <Q5FDI8>IDTIZO</Q5FDI8>
        <Q5FDI9>IDTLNO</Q5FDI9>
        <Q5FDIA>IDTXID</Q5FDIA>
        <Q5FDB1>00003</Q5FDB1>
        <Q5FDB2>00020</Q5FDB2>
        <Q5FDB3>00010</Q5FDB3>
        <Q5FDB4>00036</Q5FDB4>
        <Q5FDB5>00010</Q5FDB5>
        <Q5FDB6>00001</Q5FDB6>
        <Q5FDB7>00016</Q5FDB7>
        <Q5FDB8>00005</Q5FDB8>
        <Q5FDB9>00016</Q5FDB9>
        <Q5FDBA>00013</Q5FDBA>
        <Q5OVM1></Q5OVM1>
        <Q5OVM2></Q5OVM2>
        <Q5OVM3></Q5OVM3>
        <Q5OVM4></Q5OVM4>
        <Q5OVM5></Q5OVM5>
        <Q5OVM6></Q5OVM6>
        <Q5OVM7></Q5OVM7>
        <Q5OVM8></Q5OVM8>
        <Q5OVM9></Q5OVM9>
        <Q5OVMA></Q5OVMA>
        <Q5OVN1></Q5OVN1>
        <Q5OVN2></Q5OVN2>
        <Q5OVN3></Q5OVN3>
        <Q5OVN4></Q5OVN4>
        <Q5OVN5></Q5OVN5>
        <Q5OVN6></Q5OVN6>
        <Q5OVN7></Q5OVN7>
        <Q5OVN8></Q5OVN8>
        <Q5OVN9></Q5OVN9>
        <Q5OVNA></Q5OVNA>
        <Q5MSF1></Q5MSF1>
        <Q5MSF2></Q5MSF2>
        <Q5MSF3></Q5MSF3>
        <Q5MSF4></Q5MSF4>
        <Q5MSF5></Q5MSF5>
        <Q5MSF6></Q5MSF6>
        <Q5MSF7></Q5MSF7>
        <Q5MSF8></Q5MSF8>
        <Q5MSF9></Q5MSF9>
        <Q5MSFA></Q5MSFA>
        <Q5RPBK>000</Q5RPBK></Fields></Add>
    <Add>
      <APIProgram>CMS011MI</APIProgram>
      <Transaction>AddFields</Transaction>
      <Fields>
        <Q5IBCA>ZBP_MPAGRP</Q5IBCA>
        <Q5MGRP></Q5MGRP>
        <Q5FILE>CIDMAS</Q5FILE>
        <Q5FIPX></Q5FIPX>
        <Q5FDI1>IDVRNO</Q5FDI1>
        <Q5FDI2></Q5FDI2>
        <Q5FDI3></Q5FDI3>
        <Q5FDI4></Q5FDI4>
        <Q5FDI5></Q5FDI5>
        <Q5FDI6></Q5FDI6>
        <Q5FDI7></Q5FDI7>
        <Q5FDI8></Q5FDI8>
        <Q5FDI9></Q5FDI9>
        <Q5FDIA></Q5FDIA>
        <Q5FDB1>00016</Q5FDB1>
        <Q5FDB2>00000</Q5FDB2>
        <Q5FDB3>00000</Q5FDB3>
        <Q5FDB4>00000</Q5FDB4>
        <Q5FDB5>00000</Q5FDB5>
        <Q5FDB6>00000</Q5FDB6>
        <Q5FDB7>00000</Q5FDB7>
        <Q5FDB8>00000</Q5FDB8>
        <Q5FDB9>00000</Q5FDB9>
        <Q5FDBA>00000</Q5FDBA>
        <Q5OVM1></Q5OVM1>
        <Q5OVM2></Q5OVM2>
        <Q5OVM3></Q5OVM3>
        <Q5OVM4></Q5OVM4>
        <Q5OVM5></Q5OVM5>
        <Q5OVM6></Q5OVM6>
        <Q5OVM7></Q5OVM7>
        <Q5OVM8></Q5OVM8>
        <Q5OVM9></Q5OVM9>
        <Q5OVMA></Q5OVMA>
        <Q5OVN1></Q5OVN1>
        <Q5OVN2></Q5OVN2>
        <Q5OVN3></Q5OVN3>
        <Q5OVN4></Q5OVN4>
        <Q5OVN5></Q5OVN5>
        <Q5OVN6></Q5OVN6>
        <Q5OVN7></Q5OVN7>
        <Q5OVN8></Q5OVN8>
        <Q5OVN9></Q5OVN9>
        <Q5OVNA></Q5OVNA>
        <Q5MSF1></Q5MSF1>
        <Q5MSF2></Q5MSF2>
        <Q5MSF3></Q5MSF3>
        <Q5MSF4></Q5MSF4>
        <Q5MSF5></Q5MSF5>
        <Q5MSF6></Q5MSF6>
        <Q5MSF7></Q5MSF7>
        <Q5MSF8></Q5MSF8>
        <Q5MSF9></Q5MSF9>
        <Q5MSFA></Q5MSFA>
        <Q5RPBK>000</Q5RPBK></Fields></Add>
    <Add>
      <APIProgram>MNS120MI</APIProgram>
      <Transaction>Add</Transaction>
      <Fields>
        <Q0FILE>CIDMAS</Q0FILE>
        <Q0RFMT>          </Q0RFMT>
        <Q0FTYP>P</Q0FTYP>
        <Q0SEQ1>0</Q0SEQ1>
        <Q0MXKL>0</Q0MXKL>
        <Q0BPGM>CRS620</Q0BPGM>
        <Q0MSID>XCI1000</Q0MSID>
        <Q0TX40>Supplier master file</Q0TX40>
        <Q0TX15>Supplier master</Q0TX15></Fields></Add>
    <Add>
      <APIProgram>MNS120MI</APIProgram>
      <Transaction>Supplement</Transaction>
      <Fields>
        <Q7FILE>CIDMAS</Q7FILE>
        <Q7BPGM>CRS620</Q7BPGM>
        <Q7MSID>XCI1000</Q7MSID></Fields></Add>
    <Delete>
      <APIProgram>MNS120MI</APIProgram>
      <Transaction>Chg</Transaction>
      <Fields>
        <Q1FILE>CIDMAS</Q1FILE>
        <Q1BPGM>CRS620</Q1BPGM>
        <Q1MSID>XCI1000</Q1MSID></Fields></Delete>
    <Delete>
      <APIProgram>CMS011MI</APIProgram>
      <Transaction>DelRelatedTable</Transaction>
      <Fields>
        <Q1IBCA>ZBP_MPAGRP</Q1IBCA>
        <Q1FILE>MITMAS</Q1FILE>
        <Q1FIPX>MM</Q1FIPX>
        <Q1RPBK>000</Q1RPBK></Fields></Delete>
    <Add>
      <APIProgram>CMS011MI</APIProgram>
      <Transaction>AddRelatedTable</Transaction>
      <Fields>
        <Q0IBCA>ZBP_MPAGRP</Q0IBCA>
        <Q0FILE>MITMAS</Q0FILE>
        <Q0FIPX>MM</Q0FIPX>
        <Q0OB01>AJCONO</Q0OB01>
        <Q0OB02>AJ</Q0OB02>
        <Q0OB03></Q0OB03>
        <Q0OB04></Q0OB04>
        <Q0OB05></Q0OB05>
        <Q0OB06></Q0OB06>
        <Q0OB07></Q0OB07>
        <Q0OB08></Q0OB08>
        <Q0OB09></Q0OB09>
        <Q0OB10></Q0OB10>
        <Q0OB11></Q0OB11>
        <Q0OB12></Q0OB12>
        <Q0OB13></Q0OB13>
        <Q0OB14></Q0OB14>
        <Q0OB15></Q0OB15>
        <Q0OB16></Q0OB16>
        <Q0VAL1></Q0VAL1>
        <Q0VAL2></Q0VAL2>
        <Q0VAL3></Q0VAL3>
        <Q0VAL4></Q0VAL4>
        <Q0VAL5></Q0VAL5>
        <Q0VAL6></Q0VAL6>
        <Q0VAL7></Q0VAL7>
        <Q0VAL8></Q0VAL8>
        <Q0VAL9></Q0VAL9>
        <Q0VA10></Q0VA10>
        <Q0VA11></Q0VA11>
        <Q0VA12></Q0VA12>
        <Q0VA13></Q0VA13>
        <Q0VA14></Q0VA14>
        <Q0VA15></Q0VA15>
        <Q0VA16></Q0VA16>
        <Q0RO01>01</Q0RO01>
        <Q0RO02>01</Q0RO02>
        <Q0RO03>00</Q0RO03>
        <Q0RO04>00</Q0RO04>
        <Q0RO05>00</Q0RO05>
        <Q0RO06>00</Q0RO06>
        <Q0RO07>00</Q0RO07>
        <Q0RO08>00</Q0RO08>
        <Q0RO09>00</Q0RO09>
        <Q0RO10>00</Q0RO10>
        <Q0RO11>00</Q0RO11>
        <Q0RO12>00</Q0RO12>
        <Q0RO13>00</Q0RO13>
        <Q0RO14>00</Q0RO14>
        <Q0RO15>00</Q0RO15>
        <Q0RO16>00</Q0RO16>
        <Q0FI01>MPAGRP</Q0FI01>
        <Q0FI02>MPAGRP</Q0FI02>
        <Q0FI03></Q0FI03>
        <Q0FI04></Q0FI04>
        <Q0FI05></Q0FI05>
        <Q0FI06></Q0FI06>
        <Q0FI07></Q0FI07>
        <Q0FI08></Q0FI08>
        <Q0FI09></Q0FI09>
        <Q0FI10></Q0FI10>
        <Q0FI11></Q0FI11>
        <Q0FI12></Q0FI12>
        <Q0FI13></Q0FI13>
        <Q0FI14></Q0FI14>
        <Q0FI15></Q0FI15>
        <Q0FI16></Q0FI16>
        <Q0SNNO>000</Q0SNNO>
        <Q0SOPT>00</Q0SOPT>
        <Q0CETP>01</Q0CETP>
        <Q0TX40>Item Master Table</Q0TX40>
        <Q0TX15>Item Master Tab</Q0TX15>
        <Q0RPBK>000</Q0RPBK>
        <Q0TR01>0</Q0TR01>
        <Q0TR02>0</Q0TR02>
        <Q0TR03>0</Q0TR03>
        <Q0TR04>0</Q0TR04>
        <Q0TR05>0</Q0TR05>
        <Q0TR06>0</Q0TR06>
        <Q0TR07>0</Q0TR07>
        <Q0TR08>0</Q0TR08>
        <Q0TR09>0</Q0TR09>
        <Q0TR10>0</Q0TR10>
        <Q0TR11>0</Q0TR11>
        <Q0TR12>0</Q0TR12>
        <Q0TR13>0</Q0TR13>
        <Q0TR14>0</Q0TR14>
        <Q0TR15>0</Q0TR15>
        <Q0TR16>0</Q0TR16>
        <Q0EGR1>0</Q0EGR1>
        <Q0EGR2>0</Q0EGR2>
        <Q0EGR3>0</Q0EGR3>
        <Q0EGR4>0</Q0EGR4>
        <Q0EGR5>0</Q0EGR5>
        <Q0FG01>0</Q0FG01>
        <Q0KF01></Q0KF01>
        <Q0CD01>00</Q0CD01>
        <Q0EO01></Q0EO01>
        <Q0VL01></Q0VL01>
        <Q0BD01>00</Q0BD01>
        <Q0FG02>0</Q0FG02>
        <Q0KF02></Q0KF02>
        <Q0CD02>00</Q0CD02>
        <Q0EO02></Q0EO02>
        <Q0VL02></Q0VL02>
        <Q0BD02>00</Q0BD02>
        <Q0FG03>0</Q0FG03>
        <Q0KF03></Q0KF03>
        <Q0CD03>00</Q0CD03>
        <Q0EO03></Q0EO03>
        <Q0VL03></Q0VL03>
        <Q0BD03>00</Q0BD03>
        <Q0FG04>0</Q0FG04>
        <Q0KF04></Q0KF04>
        <Q0CD04>00</Q0CD04>
        <Q0EO04></Q0EO04>
        <Q0VL04></Q0VL04>
        <Q0BD04>00</Q0BD04>
        <Q0FG05>0</Q0FG05>
        <Q0KF05></Q0KF05>
        <Q0CD05>00</Q0CD05>
        <Q0EO05></Q0EO05>
        <Q0VL05></Q0VL05>
        <Q0BD05>00</Q0BD05>
        <Q0FG06>0</Q0FG06>
        <Q0KF06></Q0KF06>
        <Q0CD06>00</Q0CD06>
        <Q0EO06></Q0EO06>
        <Q0VL06></Q0VL06>
        <Q0BD06>00</Q0BD06>
        <Q0FG07>0</Q0FG07>
        <Q0KF07></Q0KF07>
        <Q0CD07>00</Q0CD07>
        <Q0EO07></Q0EO07>
        <Q0VL07></Q0VL07>
        <Q0BD07>00</Q0BD07>
        <Q0FG08>0</Q0FG08>
        <Q0KF08></Q0KF08>
        <Q0CD08>00</Q0CD08>
        <Q0EO08></Q0EO08>
        <Q0VL08></Q0VL08>
        <Q0BD08>00</Q0BD08>
        <Q0FG09>0</Q0FG09>
        <Q0KF09></Q0KF09>
        <Q0CD09>00</Q0CD09>
        <Q0EO09></Q0EO09>
        <Q0VL09></Q0VL09>
        <Q0BD09>00</Q0BD09>
        <Q0FG10>0</Q0FG10>
        <Q0KF10></Q0KF10>
        <Q0CD10>00</Q0CD10>
        <Q0EO10></Q0EO10>
        <Q0VL10></Q0VL10>
        <Q0BD10>00</Q0BD10></Fields></Add>
    <Add>
      <APIProgram>CMS011MI</APIProgram>
      <Transaction>AddFields</Transaction>
      <Fields>
        <Q5IBCA>ZBP_MPAGRP</Q5IBCA>
        <Q5MGRP></Q5MGRP>
        <Q5FILE>MITMAS</Q5FILE>
        <Q5FIPX></Q5FIPX>
        <Q5FDI1>MMITDS</Q5FDI1>
        <Q5FDI2></Q5FDI2>
        <Q5FDI3></Q5FDI3>
        <Q5FDI4></Q5FDI4>
        <Q5FDI5></Q5FDI5>
        <Q5FDI6></Q5FDI6>
        <Q5FDI7></Q5FDI7>
        <Q5FDI8></Q5FDI8>
        <Q5FDI9></Q5FDI9>
        <Q5FDIA></Q5FDIA>
        <Q5FDB1>00060</Q5FDB1>
        <Q5FDB2>00000</Q5FDB2>
        <Q5FDB3>00000</Q5FDB3>
        <Q5FDB4>00000</Q5FDB4>
        <Q5FDB5>00000</Q5FDB5>
        <Q5FDB6>00000</Q5FDB6>
        <Q5FDB7>00000</Q5FDB7>
        <Q5FDB8>00000</Q5FDB8>
        <Q5FDB9>00000</Q5FDB9>
        <Q5FDBA>00000</Q5FDBA>
        <Q5OVM1></Q5OVM1>
        <Q5OVM2></Q5OVM2>
        <Q5OVM3></Q5OVM3>
        <Q5OVM4></Q5OVM4>
        <Q5OVM5></Q5OVM5>
        <Q5OVM6></Q5OVM6>
        <Q5OVM7></Q5OVM7>
        <Q5OVM8></Q5OVM8>
        <Q5OVM9></Q5OVM9>
        <Q5OVMA></Q5OVMA>
        <Q5OVN1></Q5OVN1>
        <Q5OVN2></Q5OVN2>
        <Q5OVN3></Q5OVN3>
        <Q5OVN4></Q5OVN4>
        <Q5OVN5></Q5OVN5>
        <Q5OVN6></Q5OVN6>
        <Q5OVN7></Q5OVN7>
        <Q5OVN8></Q5OVN8>
        <Q5OVN9></Q5OVN9>
        <Q5OVNA></Q5OVNA>
        <Q5MSF1></Q5MSF1>
        <Q5MSF2></Q5MSF2>
        <Q5MSF3></Q5MSF3>
        <Q5MSF4></Q5MSF4>
        <Q5MSF5></Q5MSF5>
        <Q5MSF6></Q5MSF6>
        <Q5MSF7></Q5MSF7>
        <Q5MSF8></Q5MSF8>
        <Q5MSF9></Q5MSF9>
        <Q5MSFA></Q5MSFA>
        <Q5RPBK>000</Q5RPBK></Fields></Add>
    <Add>
      <APIProgram>MNS120MI</APIProgram>
      <Transaction>Add</Transaction>
      <Fields>
        <Q0FILE>MITMAS</Q0FILE>
        <Q0RFMT>          </Q0RFMT>
        <Q0FTYP>P</Q0FTYP>
        <Q0SEQ1>0</Q0SEQ1>
        <Q0MXKL>0</Q0MXKL>
        <Q0BPGM>MMS001</Q0BPGM>
        <Q0FNAR>MWS810</Q0FNAR>
        <Q0FNMD>MWS810</Q0FNMD>
        <Q0MSID>XMI1001</Q0MSID>
        <Q0TX40>Item Master File</Q0TX40>
        <Q0TX15>Item Master Fil</Q0TX15></Fields></Add>
    <Add>
      <APIProgram>MNS120MI</APIProgram>
      <Transaction>Supplement</Transaction>
      <Fields>
        <Q7FILE>MITMAS</Q7FILE>
        <Q7BPGM>MMS001</Q7BPGM>
        <Q7FNAR>MWS810</Q7FNAR>
        <Q7FNMD>MWS810</Q7FNMD>
        <Q7MSID>XMI1001</Q7MSID></Fields></Add>
    <Delete>
      <APIProgram>MNS120MI</APIProgram>
      <Transaction>Chg</Transaction>
      <Fields>
        <Q1FILE>MITMAS</Q1FILE>
        <Q1BPGM>MMS001</Q1BPGM>
        <Q1FNAR>MWS810</Q1FNAR>
        <Q1FNMD>MWS810</Q1FNMD>
        <Q1MSID>XMI1001</Q1MSID></Fields></Delete>
    <Delete>
      <APIProgram>CMS011MI</APIProgram>
      <Transaction>DelRelatedTable</Transaction>
      <Fields>
        <Q1IBCA>ZBP_MPAGRP</Q1IBCA>
        <Q1FILE>MPAGRH</Q1FILE>
        <Q1FIPX>AH</Q1FIPX>
        <Q1RPBK>000</Q1RPBK></Fields></Delete>
    <Add>
      <APIProgram>CMS011MI</APIProgram>
      <Transaction>AddRelatedTable</Transaction>
      <Fields>
        <Q0IBCA>ZBP_MPAGRP</Q0IBCA>
        <Q0FILE>MPAGRH</Q0FILE>
        <Q0FIPX>AH</Q0FIPX>
        <Q0OB01>AJCONO</Q0OB01>
        <Q0OB02>AJSUNO</Q0OB02>
        <Q0OB03>AJAGNB</Q0OB03>
        <Q0OB04></Q0OB04>
        <Q0OB05></Q0OB05>
        <Q0OB06></Q0OB06>
        <Q0OB07></Q0OB07>
        <Q0OB08></Q0OB08>
        <Q0OB09></Q0OB09>
        <Q0OB10></Q0OB10>
        <Q0OB11></Q0OB11>
        <Q0OB12></Q0OB12>
        <Q0OB13></Q0OB13>
        <Q0OB14></Q0OB14>
        <Q0OB15></Q0OB15>
        <Q0OB16></Q0OB16>
        <Q0VAL1></Q0VAL1>
        <Q0VAL2></Q0VAL2>
        <Q0VAL3></Q0VAL3>
        <Q0VAL4></Q0VAL4>
        <Q0VAL5></Q0VAL5>
        <Q0VAL6></Q0VAL6>
        <Q0VAL7></Q0VAL7>
        <Q0VAL8></Q0VAL8>
        <Q0VAL9></Q0VAL9>
        <Q0VA10></Q0VA10>
        <Q0VA11></Q0VA11>
        <Q0VA12></Q0VA12>
        <Q0VA13></Q0VA13>
        <Q0VA14></Q0VA14>
        <Q0VA15></Q0VA15>
        <Q0VA16></Q0VA16>
        <Q0RO01>01</Q0RO01>
        <Q0RO02>01</Q0RO02>
        <Q0RO03>01</Q0RO03>
        <Q0RO04>00</Q0RO04>
        <Q0RO05>00</Q0RO05>
        <Q0RO06>00</Q0RO06>
        <Q0RO07>00</Q0RO07>
        <Q0RO08>00</Q0RO08>
        <Q0RO09>00</Q0RO09>
        <Q0RO10>00</Q0RO10>
        <Q0RO11>00</Q0RO11>
        <Q0RO12>00</Q0RO12>
        <Q0RO13>00</Q0RO13>
        <Q0RO14>00</Q0RO14>
        <Q0RO15>00</Q0RO15>
        <Q0RO16>00</Q0RO16>
        <Q0FI01>MPAGRP</Q0FI01>
        <Q0FI02>MPAGRP</Q0FI02>
        <Q0FI03>MPAGRP</Q0FI03>
        <Q0FI04></Q0FI04>
        <Q0FI05></Q0FI05>
        <Q0FI06></Q0FI06>
        <Q0FI07></Q0FI07>
        <Q0FI08></Q0FI08>
        <Q0FI09></Q0FI09>
        <Q0FI10></Q0FI10>
        <Q0FI11></Q0FI11>
        <Q0FI12></Q0FI12>
        <Q0FI13></Q0FI13>
        <Q0FI14></Q0FI14>
        <Q0FI15></Q0FI15>
        <Q0FI16></Q0FI16>
        <Q0SNNO>000</Q0SNNO>
        <Q0SOPT>00</Q0SOPT>
        <Q0CETP>01</Q0CETP>
        <Q0TX40>Purchase agreement - header</Q0TX40>
        <Q0TX15>Purchase agreem</Q0TX15>
        <Q0RPBK>000</Q0RPBK>
        <Q0TR01>0</Q0TR01>
        <Q0TR02>0</Q0TR02>
        <Q0TR03>0</Q0TR03>
        <Q0TR04>0</Q0TR04>
        <Q0TR05>0</Q0TR05>
        <Q0TR06>0</Q0TR06>
        <Q0TR07>0</Q0TR07>
        <Q0TR08>0</Q0TR08>
        <Q0TR09>0</Q0TR09>
        <Q0TR10>0</Q0TR10>
        <Q0TR11>0</Q0TR11>
        <Q0TR12>0</Q0TR12>
        <Q0TR13>0</Q0TR13>
        <Q0TR14>0</Q0TR14>
        <Q0TR15>0</Q0TR15>
        <Q0TR16>0</Q0TR16>
        <Q0EGR1>0</Q0EGR1>
        <Q0EGR2>0</Q0EGR2>
        <Q0EGR3>0</Q0EGR3>
        <Q0EGR4>0</Q0EGR4>
        <Q0EGR5>0</Q0EGR5>
        <Q0FG01>0</Q0FG01>
        <Q0KF01></Q0KF01>
        <Q0CD01>00</Q0CD01>
        <Q0EO01></Q0EO01>
        <Q0VL01></Q0VL01>
        <Q0BD01>00</Q0BD01>
        <Q0FG02>0</Q0FG02>
        <Q0KF02></Q0KF02>
        <Q0CD02>00</Q0CD02>
        <Q0EO02></Q0EO02>
        <Q0VL02></Q0VL02>
        <Q0BD02>00</Q0BD02>
        <Q0FG03>0</Q0FG03>
        <Q0KF03></Q0KF03>
        <Q0CD03>00</Q0CD03>
        <Q0EO03></Q0EO03>
        <Q0VL03></Q0VL03>
        <Q0BD03>00</Q0BD03>
        <Q0FG04>0</Q0FG04>
        <Q0KF04></Q0KF04>
        <Q0CD04>00</Q0CD04>
        <Q0EO04></Q0EO04>
        <Q0VL04></Q0VL04>
        <Q0BD04>00</Q0BD04>
        <Q0FG05>0</Q0FG05>
        <Q0KF05></Q0KF05>
        <Q0CD05>00</Q0CD05>
        <Q0EO05></Q0EO05>
        <Q0VL05></Q0VL05>
        <Q0BD05>00</Q0BD05>
        <Q0FG06>0</Q0FG06>
        <Q0KF06></Q0KF06>
        <Q0CD06>00</Q0CD06>
        <Q0EO06></Q0EO06>
        <Q0VL06></Q0VL06>
        <Q0BD06>00</Q0BD06>
        <Q0FG07>0</Q0FG07>
        <Q0KF07></Q0KF07>
        <Q0CD07>00</Q0CD07>
        <Q0EO07></Q0EO07>
        <Q0VL07></Q0VL07>
        <Q0BD07>00</Q0BD07>
        <Q0FG08>0</Q0FG08>
        <Q0KF08></Q0KF08>
        <Q0CD08>00</Q0CD08>
        <Q0EO08></Q0EO08>
        <Q0VL08></Q0VL08>
        <Q0BD08>00</Q0BD08>
        <Q0FG09>0</Q0FG09>
        <Q0KF09></Q0KF09>
        <Q0CD09>00</Q0CD09>
        <Q0EO09></Q0EO09>
        <Q0VL09></Q0VL09>
        <Q0BD09>00</Q0BD09>
        <Q0FG10>0</Q0FG10>
        <Q0KF10></Q0KF10>
        <Q0CD10>00</Q0CD10>
        <Q0EO10></Q0EO10>
        <Q0VL10></Q0VL10>
        <Q0BD10>00</Q0BD10></Fields></Add>
    <Add>
      <APIProgram>CMS011MI</APIProgram>
      <Transaction>AddFields</Transaction>
      <Fields>
        <Q5IBCA>ZBP_MPAGRP</Q5IBCA>
        <Q5MGRP></Q5MGRP>
        <Q5FILE>MPAGRH</Q5FILE>
        <Q5FIPX></Q5FIPX>
        <Q5FDI1>AHACGR</Q5FDI1>
        <Q5FDI2>AHAGAM</Q5FDI2>
        <Q5FDI3>AHAGNB</Q5FDI3>
        <Q5FDI4>AHAGND</Q5FDI4>
        <Q5FDI5>AHAGPT</Q5FDI5>
        <Q5FDI6>AHAGRA</Q5FDI6>
        <Q5FDI7>AHAGRD</Q5FDI7>
        <Q5FDI8>AHAGTP</Q5FDI8>
        <Q5FDI9>AHBOCL</Q5FDI9>
        <Q5FDIA>AHBUYE</Q5FDIA>
        <Q5FDB1>00010</Q5FDB1>
        <Q5FDB2>00015</Q5FDB2>
        <Q5FDB3>00007</Q5FDB3>
        <Q5FDB4>00007</Q5FDB4>
        <Q5FDB5>00002</Q5FDB5>
        <Q5FDB6>00011</Q5FDB6>
        <Q5FDB7>00008</Q5FDB7>
        <Q5FDB8>00003</Q5FDB8>
        <Q5FDB9>00001</Q5FDB9>
        <Q5FDBA>00010</Q5FDBA>
        <Q5OVM1></Q5OVM1>
        <Q5OVM2></Q5OVM2>
        <Q5OVM3></Q5OVM3>
        <Q5OVM4></Q5OVM4>
        <Q5OVM5></Q5OVM5>
        <Q5OVM6></Q5OVM6>
        <Q5OVM7></Q5OVM7>
        <Q5OVM8></Q5OVM8>
        <Q5OVM9></Q5OVM9>
        <Q5OVMA></Q5OVMA>
        <Q5OVN1></Q5OVN1>
        <Q5OVN2></Q5OVN2>
        <Q5OVN3></Q5OVN3>
        <Q5OVN4></Q5OVN4>
        <Q5OVN5></Q5OVN5>
        <Q5OVN6></Q5OVN6>
        <Q5OVN7></Q5OVN7>
        <Q5OVN8></Q5OVN8>
        <Q5OVN9></Q5OVN9>
        <Q5OVNA></Q5OVNA>
        <Q5MSF1></Q5MSF1>
        <Q5MSF2></Q5MSF2>
        <Q5MSF3></Q5MSF3>
        <Q5MSF4></Q5MSF4>
        <Q5MSF5></Q5MSF5>
        <Q5MSF6></Q5MSF6>
        <Q5MSF7></Q5MSF7>
        <Q5MSF8></Q5MSF8>
        <Q5MSF9></Q5MSF9>
        <Q5MSFA></Q5MSFA>
        <Q5RPBK>000</Q5RPBK></Fields></Add>
    <Add>
      <APIProgram>CMS011MI</APIProgram>
      <Transaction>AddFields</Transaction>
      <Fields>
        <Q5IBCA>ZBP_MPAGRP</Q5IBCA>
        <Q5MGRP></Q5MGRP>
        <Q5FILE>MPAGRH</Q5FILE>
        <Q5FIPX></Q5FIPX>
        <Q5FDI1>AHCHID</Q5FDI1>
        <Q5FDI2>AHCHNO</Q5FDI2>
        <Q5FDI3>AHCIVC</Q5FDI3>
        <Q5FDI4>AHCRTP</Q5FDI4>
        <Q5FDI5>AHCUCD</Q5FDI5>
        <Q5FDI6>AHCUDE</Q5FDI6>
        <Q5FDI7>AHCUFN</Q5FDI7>
        <Q5FDI8>AHCUFP</Q5FDI8>
        <Q5FDI9>AHDDPL</Q5FDI9>
        <Q5FDIA>AHDIIS</Q5FDIA>
        <Q5FDB1>00010</Q5FDB1>
        <Q5FDB2>00003</Q5FDB2>
        <Q5FDB3>00001</Q5FDB3>
        <Q5FDB4>00002</Q5FDB4>
        <Q5FDB5>00003</Q5FDB5>
        <Q5FDB6>00003</Q5FDB6>
        <Q5FDB7>00011</Q5FDB7>
        <Q5FDB8>00011</Q5FDB8>
        <Q5FDB9>00005</Q5FDB9>
        <Q5FDBA>00001</Q5FDBA>
        <Q5OVM1></Q5OVM1>
        <Q5OVM2></Q5OVM2>
        <Q5OVM3></Q5OVM3>
        <Q5OVM4></Q5OVM4>
        <Q5OVM5></Q5OVM5>
        <Q5OVM6></Q5OVM6>
        <Q5OVM7></Q5OVM7>
        <Q5OVM8></Q5OVM8>
        <Q5OVM9></Q5OVM9>
        <Q5OVMA></Q5OVMA>
        <Q5OVN1></Q5OVN1>
        <Q5OVN2></Q5OVN2>
        <Q5OVN3></Q5OVN3>
        <Q5OVN4></Q5OVN4>
        <Q5OVN5></Q5OVN5>
        <Q5OVN6></Q5OVN6>
        <Q5OVN7></Q5OVN7>
        <Q5OVN8></Q5OVN8>
        <Q5OVN9></Q5OVN9>
        <Q5OVNA></Q5OVNA>
        <Q5MSF1></Q5MSF1>
        <Q5MSF2></Q5MSF2>
        <Q5MSF3></Q5MSF3>
        <Q5MSF4></Q5MSF4>
        <Q5MSF5></Q5MSF5>
        <Q5MSF6></Q5MSF6>
        <Q5MSF7></Q5MSF7>
        <Q5MSF8></Q5MSF8>
        <Q5MSF9></Q5MSF9>
        <Q5MSFA></Q5MSFA>
        <Q5RPBK>000</Q5RPBK></Fields></Add>
    <Add>
      <APIProgram>CMS011MI</APIProgram>
      <Transaction>AddFields</Transaction>
      <Fields>
        <Q5IBCA>ZBP_MPAGRP</Q5IBCA>
        <Q5MGRP></Q5MGRP>
        <Q5FILE>MPAGRH</Q5FILE>
        <Q5FIPX></Q5FIPX>
        <Q5FDI1>AHDILV</Q5FDI1>
        <Q5FDI2>AHDIMA</Q5FDI2>
        <Q5FDI3>AHDIP2</Q5FDI3>
        <Q5FDI4>AHDTID</Q5FDI4>
        <Q5FDI5>AHFACI</Q5FDI5>
        <Q5FDI6>AHFCID</Q5FDI6>
        <Q5FDI7>AHFDPL</Q5FDI7>
        <Q5FDI8>AHFDUN</Q5FDI8>
        <Q5FDI9>AHFNCL</Q5FDI9>
        <Q5FDIA>AHFRAL</Q5FDIA>
        <Q5FDB1>00001</Q5FDB1>
        <Q5FDB2>00001</Q5FDB2>
        <Q5FDB3>00005</Q5FDB3>
        <Q5FDB4>00013</Q5FDB4>
        <Q5FDB5>00003</Q5FDB5>
        <Q5FDB6>00006</Q5FDB6>
        <Q5FDB7>00005</Q5FDB7>
        <Q5FDB8>00001</Q5FDB8>
        <Q5FDB9>00001</Q5FDB9>
        <Q5FDBA>00001</Q5FDBA>
        <Q5OVM1></Q5OVM1>
        <Q5OVM2></Q5OVM2>
        <Q5OVM3></Q5OVM3>
        <Q5OVM4></Q5OVM4>
        <Q5OVM5></Q5OVM5>
        <Q5OVM6></Q5OVM6>
        <Q5OVM7></Q5OVM7>
        <Q5OVM8></Q5OVM8>
        <Q5OVM9></Q5OVM9>
        <Q5OVMA></Q5OVMA>
        <Q5OVN1></Q5OVN1>
        <Q5OVN2></Q5OVN2>
        <Q5OVN3></Q5OVN3>
        <Q5OVN4></Q5OVN4>
        <Q5OVN5></Q5OVN5>
        <Q5OVN6></Q5OVN6>
        <Q5OVN7></Q5OVN7>
        <Q5OVN8></Q5OVN8>
        <Q5OVN9></Q5OVN9>
        <Q5OVNA></Q5OVNA>
        <Q5MSF1></Q5MSF1>
        <Q5MSF2></Q5MSF2>
        <Q5MSF3></Q5MSF3>
        <Q5MSF4></Q5MSF4>
        <Q5MSF5></Q5MSF5>
        <Q5MSF6></Q5MSF6>
        <Q5MSF7></Q5MSF7>
        <Q5MSF8></Q5MSF8>
        <Q5MSF9></Q5MSF9>
        <Q5MSFA></Q5MSFA>
        <Q5RPBK>000</Q5RPBK></Fields></Add>
    <Add>
      <APIProgram>CMS011MI</APIProgram>
      <Transaction>AddFields</Transaction>
      <Fields>
        <Q5IBCA>ZBP_MPAGRP</Q5IBCA>
        <Q5MGRP></Q5MGRP>
        <Q5FILE>MPAGRH</Q5FILE>
        <Q5FIPX></Q5FIPX>
        <Q5FDI1>AHFVDT</Q5FDI1>
        <Q5FDI2>AHIEXT</Q5FDI2>
        <Q5FDI3>AHIINT</Q5FDI3>
        <Q5FDI4>AHIIPO</Q5FDI4>
        <Q5FDI5>AHINCL</Q5FDI5>
        <Q5FDI6>AHINFQ</Q5FDI6>
        <Q5FDI7>AHLMDT</Q5FDI7>
        <Q5FDI8>AHLMTS</Q5FDI8>
        <Q5FDI9>AHMODA</Q5FDI9>
        <Q5FDIA>AHMODL</Q5FDIA>
        <Q5FDB1>00008</Q5FDB1>
        <Q5FDB2>00001</Q5FDB2>
        <Q5FDB3>00001</Q5FDB3>
        <Q5FDB4>00001</Q5FDB4>
        <Q5FDB5>00001</Q5FDB5>
        <Q5FDB6>00003</Q5FDB6>
        <Q5FDB7>00008</Q5FDB7>
        <Q5FDB8>00018</Q5FDB8>
        <Q5FDB9>00001</Q5FDB9>
        <Q5FDBA>00003</Q5FDBA>
        <Q5OVM1></Q5OVM1>
        <Q5OVM2></Q5OVM2>
        <Q5OVM3></Q5OVM3>
        <Q5OVM4></Q5OVM4>
        <Q5OVM5></Q5OVM5>
        <Q5OVM6></Q5OVM6>
        <Q5OVM7></Q5OVM7>
        <Q5OVM8></Q5OVM8>
        <Q5OVM9></Q5OVM9>
        <Q5OVMA></Q5OVMA>
        <Q5OVN1></Q5OVN1>
        <Q5OVN2></Q5OVN2>
        <Q5OVN3></Q5OVN3>
        <Q5OVN4></Q5OVN4>
        <Q5OVN5></Q5OVN5>
        <Q5OVN6></Q5OVN6>
        <Q5OVN7></Q5OVN7>
        <Q5OVN8></Q5OVN8>
        <Q5OVN9></Q5OVN9>
        <Q5OVNA></Q5OVNA>
        <Q5MSF1></Q5MSF1>
        <Q5MSF2></Q5MSF2>
        <Q5MSF3></Q5MSF3>
        <Q5MSF4></Q5MSF4>
        <Q5MSF5></Q5MSF5>
        <Q5MSF6></Q5MSF6>
        <Q5MSF7></Q5MSF7>
        <Q5MSF8></Q5MSF8>
        <Q5MSF9></Q5MSF9>
        <Q5MSFA></Q5MSFA>
        <Q5RPBK>000</Q5RPBK></Fields></Add>
    <Add>
      <APIProgram>CMS011MI</APIProgram>
      <Transaction>AddFields</Transaction>
      <Fields>
        <Q5IBCA>ZBP_MPAGRP</Q5IBCA>
        <Q5MGRP></Q5MGRP>
        <Q5FILE>MPAGRH</Q5FILE>
        <Q5FIPX></Q5FIPX>
        <Q5FDI1>AHMREP</Q5FDI1>
        <Q5FDI2>AHPAAM</Q5FDI2>
        <Q5FDI3>AHPAST</Q5FDI3>
        <Q5FDI4>AHPDCU</Q5FDI4>
        <Q5FDI5>AHPDPL</Q5FDI5>
        <Q5FDI6>AHPGDP</Q5FDI6>
        <Q5FDI7>AHPORG</Q5FDI7>
        <Q5FDI8>AHQREM</Q5FDI8>
        <Q5FDI9>AHQUOT</Q5FDI9>
        <Q5FDIA>AHRAGR</Q5FDIA>
        <Q5FDB1>00005</Q5FDB1>
        <Q5FDB2>00015</Q5FDB2>
        <Q5FDB3>00002</Q5FDB3>
        <Q5FDB4>00001</Q5FDB4>
        <Q5FDB5>00005</Q5FDB5>
        <Q5FDB6>00003</Q5FDB6>
        <Q5FDB7>00010</Q5FDB7>
        <Q5FDB8>00001</Q5FDB8>
        <Q5FDB9>00010</Q5FDB9>
        <Q5FDBA>00001</Q5FDBA>
        <Q5OVM1></Q5OVM1>
        <Q5OVM2></Q5OVM2>
        <Q5OVM3></Q5OVM3>
        <Q5OVM4></Q5OVM4>
        <Q5OVM5></Q5OVM5>
        <Q5OVM6></Q5OVM6>
        <Q5OVM7></Q5OVM7>
        <Q5OVM8></Q5OVM8>
        <Q5OVM9></Q5OVM9>
        <Q5OVMA></Q5OVMA>
        <Q5OVN1></Q5OVN1>
        <Q5OVN2></Q5OVN2>
        <Q5OVN3></Q5OVN3>
        <Q5OVN4></Q5OVN4>
        <Q5OVN5></Q5OVN5>
        <Q5OVN6></Q5OVN6>
        <Q5OVN7></Q5OVN7>
        <Q5OVN8></Q5OVN8>
        <Q5OVN9></Q5OVN9>
        <Q5OVNA></Q5OVNA>
        <Q5MSF1></Q5MSF1>
        <Q5MSF2></Q5MSF2>
        <Q5MSF3></Q5MSF3>
        <Q5MSF4></Q5MSF4>
        <Q5MSF5></Q5MSF5>
        <Q5MSF6></Q5MSF6>
        <Q5MSF7></Q5MSF7>
        <Q5MSF8></Q5MSF8>
        <Q5MSF9></Q5MSF9>
        <Q5MSFA></Q5MSFA>
        <Q5RPBK>000</Q5RPBK></Fields></Add>
    <Add>
      <APIProgram>CMS011MI</APIProgram>
      <Transaction>AddFields</Transaction>
      <Fields>
        <Q5IBCA>ZBP_MPAGRP</Q5IBCA>
        <Q5MGRP></Q5MGRP>
        <Q5FILE>MPAGRH</Q5FILE>
        <Q5FIPX></Q5FIPX>
        <Q5FDI1>AHRCME</Q5FDI1>
        <Q5FDI2>AHRDPL</Q5FDI2>
        <Q5FDI3>AHRFID</Q5FDI3>
        <Q5FDI4>AHRGDT</Q5FDI4>
        <Q5FDI5>AHRGTM</Q5FDI5>
        <Q5FDI6>AHRMAP</Q5FDI6>
        <Q5FDI7>AHRNDT</Q5FDI7>
        <Q5FDI8>AHRODN</Q5FDI8>
        <Q5FDI9>AHROUT</Q5FDI9>
        <Q5FDIA>AHSBAN</Q5FDIA>
        <Q5FDB1>00001</Q5FDB1>
        <Q5FDB2>00005</Q5FDB2>
        <Q5FDB3>00010</Q5FDB3>
        <Q5FDB4>00008</Q5FDB4>
        <Q5FDB5>00006</Q5FDB5>
        <Q5FDB6>00001</Q5FDB6>
        <Q5FDB7>00008</Q5FDB7>
        <Q5FDB8>00003</Q5FDB8>
        <Q5FDB9>00006</Q5FDB9>
        <Q5FDBA>00010</Q5FDBA>
        <Q5OVM1></Q5OVM1>
        <Q5OVM2></Q5OVM2>
        <Q5OVM3></Q5OVM3>
        <Q5OVM4></Q5OVM4>
        <Q5OVM5></Q5OVM5>
        <Q5OVM6></Q5OVM6>
        <Q5OVM7></Q5OVM7>
        <Q5OVM8></Q5OVM8>
        <Q5OVM9></Q5OVM9>
        <Q5OVMA></Q5OVMA>
        <Q5OVN1></Q5OVN1>
        <Q5OVN2></Q5OVN2>
        <Q5OVN3></Q5OVN3>
        <Q5OVN4></Q5OVN4>
        <Q5OVN5></Q5OVN5>
        <Q5OVN6></Q5OVN6>
        <Q5OVN7></Q5OVN7>
        <Q5OVN8></Q5OVN8>
        <Q5OVN9></Q5OVN9>
        <Q5OVNA></Q5OVNA>
        <Q5MSF1></Q5MSF1>
        <Q5MSF2></Q5MSF2>
        <Q5MSF3></Q5MSF3>
        <Q5MSF4></Q5MSF4>
        <Q5MSF5></Q5MSF5>
        <Q5MSF6></Q5MSF6>
        <Q5MSF7></Q5MSF7>
        <Q5MSF8></Q5MSF8>
        <Q5MSF9></Q5MSF9>
        <Q5MSFA></Q5MSFA>
        <Q5RPBK>000</Q5RPBK></Fields></Add>
    <Add>
      <APIProgram>CMS011MI</APIProgram>
      <Transaction>AddFields</Transaction>
      <Fields>
        <Q5IBCA>ZBP_MPAGRP</Q5IBCA>
        <Q5MGRP></Q5MGRP>
        <Q5FILE>MPAGRH</Q5FILE>
        <Q5FIPX></Q5FIPX>
        <Q5FDI1>AHSEQN</Q5FDI1>
        <Q5FDI2>AHSNAD</Q5FDI2>
        <Q5FDI3>AHSNRC</Q5FDI3>
        <Q5FDI4>AHSUNO</Q5FDI4>
        <Q5FDI5>AHTEAF</Q5FDI5>
        <Q5FDI6>AHTEDL</Q5FDI6>
        <Q5FDI7>AHTENT</Q5FDI7>
        <Q5FDI8>AHTEPA</Q5FDI8>
        <Q5FDI9>AHTEPY</Q5FDI9>
        <Q5FDIA>AHTX30</Q5FDIA>
        <Q5FDB1>00007</Q5FDB1>
        <Q5FDB2>00001</Q5FDB2>
        <Q5FDB3>00001</Q5FDB3>
        <Q5FDB4>00010</Q5FDB4>
        <Q5FDB5>00003</Q5FDB5>
        <Q5FDB6>00003</Q5FDB6>
        <Q5FDB7>00002</Q5FDB7>
        <Q5FDB8>00003</Q5FDB8>
        <Q5FDB9>00003</Q5FDB9>
        <Q5FDBA>00030</Q5FDBA>
        <Q5OVM1></Q5OVM1>
        <Q5OVM2></Q5OVM2>
        <Q5OVM3></Q5OVM3>
        <Q5OVM4></Q5OVM4>
        <Q5OVM5></Q5OVM5>
        <Q5OVM6></Q5OVM6>
        <Q5OVM7></Q5OVM7>
        <Q5OVM8></Q5OVM8>
        <Q5OVM9></Q5OVM9>
        <Q5OVMA></Q5OVMA>
        <Q5OVN1></Q5OVN1>
        <Q5OVN2></Q5OVN2>
        <Q5OVN3></Q5OVN3>
        <Q5OVN4></Q5OVN4>
        <Q5OVN5></Q5OVN5>
        <Q5OVN6></Q5OVN6>
        <Q5OVN7></Q5OVN7>
        <Q5OVN8></Q5OVN8>
        <Q5OVN9></Q5OVN9>
        <Q5OVNA></Q5OVNA>
        <Q5MSF1></Q5MSF1>
        <Q5MSF2></Q5MSF2>
        <Q5MSF3></Q5MSF3>
        <Q5MSF4></Q5MSF4>
        <Q5MSF5></Q5MSF5>
        <Q5MSF6></Q5MSF6>
        <Q5MSF7></Q5MSF7>
        <Q5MSF8></Q5MSF8>
        <Q5MSF9></Q5MSF9>
        <Q5MSFA></Q5MSFA>
        <Q5RPBK>000</Q5RPBK></Fields></Add>
    <Add>
      <APIProgram>CMS011MI</APIProgram>
      <Transaction>AddFields</Transaction>
      <Fields>
        <Q5IBCA>ZBP_MPAGRP</Q5IBCA>
        <Q5MGRP></Q5MGRP>
        <Q5FILE>MPAGRH</Q5FILE>
        <Q5FIPX></Q5FIPX>
        <Q5FDI1>AHTXID</Q5FDI1>
        <Q5FDI2>AHUVDT</Q5FDI2>
        <Q5FDI3>AHVAGN</Q5FDI3>
        <Q5FDI4>AHVOCL</Q5FDI4>
        <Q5FDI5>AHWARE</Q5FDI5>
        <Q5FDI6>AHWHLO</Q5FDI6>
        <Q5FDI7></Q5FDI7>
        <Q5FDI8></Q5FDI8>
        <Q5FDI9></Q5FDI9>
        <Q5FDIA></Q5FDIA>
        <Q5FDB1>00013</Q5FDB1>
        <Q5FDB2>00008</Q5FDB2>
        <Q5FDB3>00030</Q5FDB3>
        <Q5FDB4>00001</Q5FDB4>
        <Q5FDB5>00001</Q5FDB5>
        <Q5FDB6>00003</Q5FDB6>
        <Q5FDB7>00000</Q5FDB7>
        <Q5FDB8>00000</Q5FDB8>
        <Q5FDB9>00000</Q5FDB9>
        <Q5FDBA>00000</Q5FDBA>
        <Q5OVM1></Q5OVM1>
        <Q5OVM2></Q5OVM2>
        <Q5OVM3></Q5OVM3>
        <Q5OVM4></Q5OVM4>
        <Q5OVM5></Q5OVM5>
        <Q5OVM6></Q5OVM6>
        <Q5OVM7></Q5OVM7>
        <Q5OVM8></Q5OVM8>
        <Q5OVM9></Q5OVM9>
        <Q5OVMA></Q5OVMA>
        <Q5OVN1></Q5OVN1>
        <Q5OVN2></Q5OVN2>
        <Q5OVN3></Q5OVN3>
        <Q5OVN4></Q5OVN4>
        <Q5OVN5></Q5OVN5>
        <Q5OVN6></Q5OVN6>
        <Q5OVN7></Q5OVN7>
        <Q5OVN8></Q5OVN8>
        <Q5OVN9></Q5OVN9>
        <Q5OVNA></Q5OVNA>
        <Q5MSF1></Q5MSF1>
        <Q5MSF2></Q5MSF2>
        <Q5MSF3></Q5MSF3>
        <Q5MSF4></Q5MSF4>
        <Q5MSF5></Q5MSF5>
        <Q5MSF6></Q5MSF6>
        <Q5MSF7></Q5MSF7>
        <Q5MSF8></Q5MSF8>
        <Q5MSF9></Q5MSF9>
        <Q5MSFA></Q5MSFA>
        <Q5RPBK>000</Q5RPBK></Fields></Add>
    <Add>
      <APIProgram>MNS120MI</APIProgram>
      <Transaction>Add</Transaction>
      <Fields>
        <Q0FILE>MPAGRH</Q0FILE>
        <Q0RFMT>          </Q0RFMT>
        <Q0FTYP>P</Q0FTYP>
        <Q0SEQ1>0</Q0SEQ1>
        <Q0MXKL>0</Q0MXKL>
        <Q0BPGM>PPS100</Q0BPGM>
        <Q0MSID>XMP1016</Q0MSID></Fields></Add>
    <Add>
      <APIProgram>MNS120MI</APIProgram>
      <Transaction>Supplement</Transaction>
      <Fields>
        <Q7FILE>MPAGRH</Q7FILE>
        <Q7BPGM>PPS100</Q7BPGM>
        <Q7MSID>XMP1016</Q7MSID></Fields></Add>
    <Delete>
      <APIProgram>MNS120MI</APIProgram>
      <Transaction>Chg</Transaction>
      <Fields>
        <Q1FILE>MPAGRH</Q1FILE>
        <Q1BPGM>PPS100</Q1BPGM>
        <Q1MSID>XMP1016</Q1MSID></Fields></Delete>
    <Delete>
      <APIProgram>CMS011MI</APIProgram>
      <Transaction>DelRelatedTable</Transaction>
      <Fields>
        <Q1IBCA>ZBP_MPAGRP</Q1IBCA>
        <Q1FILE>MPAGRL</Q1FILE>
        <Q1FIPX>AI</Q1FIPX>
        <Q1RPBK>000</Q1RPBK></Fields></Delete>
    <Add>
      <APIProgram>CMS011MI</APIProgram>
      <Transaction>AddRelatedTable</Transaction>
      <Fields>
        <Q0IBCA>ZBP_MPAGRP</Q0IBCA>
        <Q0FILE>MPAGRL</Q0FILE>
        <Q0FIPX>AI</Q0FIPX>
        <Q0OB01>AJCONO</Q0OB01>
        <Q0OB02>AJSUNO</Q0OB02>
        <Q0OB03>AJAGNB</Q0OB03>
        <Q0OB04>AJGRPI</Q0OB04>
        <Q0OB05>AJOBV1</Q0OB05>
        <Q0OB06>AJOBV2</Q0OB06>
        <Q0OB07>AJOBV3</Q0OB07>
        <Q0OB08>AJOBV4</Q0OB08>
        <Q0OB09>AJFVDT</Q0OB09>
        <Q0OB10></Q0OB10>
        <Q0OB11></Q0OB11>
        <Q0OB12></Q0OB12>
        <Q0OB13></Q0OB13>
        <Q0OB14></Q0OB14>
        <Q0OB15></Q0OB15>
        <Q0OB16></Q0OB16>
        <Q0VAL1></Q0VAL1>
        <Q0VAL2></Q0VAL2>
        <Q0VAL3></Q0VAL3>
        <Q0VAL4></Q0VAL4>
        <Q0VAL5></Q0VAL5>
        <Q0VAL6></Q0VAL6>
        <Q0VAL7></Q0VAL7>
        <Q0VAL8></Q0VAL8>
        <Q0VAL9></Q0VAL9>
        <Q0VA10></Q0VA10>
        <Q0VA11></Q0VA11>
        <Q0VA12></Q0VA12>
        <Q0VA13></Q0VA13>
        <Q0VA14></Q0VA14>
        <Q0VA15></Q0VA15>
        <Q0VA16></Q0VA16>
        <Q0RO01>01</Q0RO01>
        <Q0RO02>01</Q0RO02>
        <Q0RO03>01</Q0RO03>
        <Q0RO04>01</Q0RO04>
        <Q0RO05>01</Q0RO05>
        <Q0RO06>01</Q0RO06>
        <Q0RO07>01</Q0RO07>
        <Q0RO08>01</Q0RO08>
        <Q0RO09>01</Q0RO09>
        <Q0RO10>00</Q0RO10>
        <Q0RO11>00</Q0RO11>
        <Q0RO12>00</Q0RO12>
        <Q0RO13>00</Q0RO13>
        <Q0RO14>00</Q0RO14>
        <Q0RO15>00</Q0RO15>
        <Q0RO16>00</Q0RO16>
        <Q0FI01>MPAGRP</Q0FI01>
        <Q0FI02>MPAGRP</Q0FI02>
        <Q0FI03>MPAGRP</Q0FI03>
        <Q0FI04>MPAGRP</Q0FI04>
        <Q0FI05>MPAGRP</Q0FI05>
        <Q0FI06>MPAGRP</Q0FI06>
        <Q0FI07>MPAGRP</Q0FI07>
        <Q0FI08>MPAGRP</Q0FI08>
        <Q0FI09>MPAGRP</Q0FI09>
        <Q0FI10></Q0FI10>
        <Q0FI11></Q0FI11>
        <Q0FI12></Q0FI12>
        <Q0FI13></Q0FI13>
        <Q0FI14></Q0FI14>
        <Q0FI15></Q0FI15>
        <Q0FI16></Q0FI16>
        <Q0SNNO>000</Q0SNNO>
        <Q0SOPT>00</Q0SOPT>
        <Q0CETP>01</Q0CETP>
        <Q0TX40>Purchase agreement - lines</Q0TX40>
        <Q0TX15>Purchase agreem</Q0TX15>
        <Q0RPBK>000</Q0RPBK>
        <Q0TR01>0</Q0TR01>
        <Q0TR02>0</Q0TR02>
        <Q0TR03>0</Q0TR03>
        <Q0TR04>0</Q0TR04>
        <Q0TR05>0</Q0TR05>
        <Q0TR06>0</Q0TR06>
        <Q0TR07>0</Q0TR07>
        <Q0TR08>0</Q0TR08>
        <Q0TR09>0</Q0TR09>
        <Q0TR10>0</Q0TR10>
        <Q0TR11>0</Q0TR11>
        <Q0TR12>0</Q0TR12>
        <Q0TR13>0</Q0TR13>
        <Q0TR14>0</Q0TR14>
        <Q0TR15>0</Q0TR15>
        <Q0TR16>0</Q0TR16>
        <Q0EGR1>0</Q0EGR1>
        <Q0EGR2>0</Q0EGR2>
        <Q0EGR3>0</Q0EGR3>
        <Q0EGR4>0</Q0EGR4>
        <Q0EGR5>0</Q0EGR5>
        <Q0FG01>0</Q0FG01>
        <Q0KF01></Q0KF01>
        <Q0CD01>00</Q0CD01>
        <Q0EO01></Q0EO01>
        <Q0VL01></Q0VL01>
        <Q0BD01>00</Q0BD01>
        <Q0FG02>0</Q0FG02>
        <Q0KF02></Q0KF02>
        <Q0CD02>00</Q0CD02>
        <Q0EO02></Q0EO02>
        <Q0VL02></Q0VL02>
        <Q0BD02>00</Q0BD02>
        <Q0FG03>0</Q0FG03>
        <Q0KF03></Q0KF03>
        <Q0CD03>00</Q0CD03>
        <Q0EO03></Q0EO03>
        <Q0VL03></Q0VL03>
        <Q0BD03>00</Q0BD03>
        <Q0FG04>0</Q0FG04>
        <Q0KF04></Q0KF04>
        <Q0CD04>00</Q0CD04>
        <Q0EO04></Q0EO04>
        <Q0VL04></Q0VL04>
        <Q0BD04>00</Q0BD04>
        <Q0FG05>0</Q0FG05>
        <Q0KF05></Q0KF05>
        <Q0CD05>00</Q0CD05>
        <Q0EO05></Q0EO05>
        <Q0VL05></Q0VL05>
        <Q0BD05>00</Q0BD05>
        <Q0FG06>0</Q0FG06>
        <Q0KF06></Q0KF06>
        <Q0CD06>00</Q0CD06>
        <Q0EO06></Q0EO06>
        <Q0VL06></Q0VL06>
        <Q0BD06>00</Q0BD06>
        <Q0FG07>0</Q0FG07>
        <Q0KF07></Q0KF07>
        <Q0CD07>00</Q0CD07>
        <Q0EO07></Q0EO07>
        <Q0VL07></Q0VL07>
        <Q0BD07>00</Q0BD07>
        <Q0FG08>0</Q0FG08>
        <Q0KF08></Q0KF08>
        <Q0CD08>00</Q0CD08>
        <Q0EO08></Q0EO08>
        <Q0VL08></Q0VL08>
        <Q0BD08>00</Q0BD08>
        <Q0FG09>0</Q0FG09>
        <Q0KF09></Q0KF09>
        <Q0CD09>00</Q0CD09>
        <Q0EO09></Q0EO09>
        <Q0VL09></Q0VL09>
        <Q0BD09>00</Q0BD09>
        <Q0FG10>0</Q0FG10>
        <Q0KF10></Q0KF10>
        <Q0CD10>00</Q0CD10>
        <Q0EO10></Q0EO10>
        <Q0VL10></Q0VL10>
        <Q0BD10>00</Q0BD10></Fields></Add>
    <Add>
      <APIProgram>CMS011MI</APIProgram>
      <Transaction>AddFields</Transaction>
      <Fields>
        <Q5IBCA>ZBP_MPAGRP</Q5IBCA>
        <Q5MGRP></Q5MGRP>
        <Q5FILE>MPAGRL</Q5FILE>
        <Q5FIPX></Q5FIPX>
        <Q5FDI1>AIAGFF</Q5FDI1>
        <Q5FDI2>AIAGNB</Q5FDI2>
        <Q5FDI3>AIAGPT</Q5FDI3>
        <Q5FDI4>AIAGQT</Q5FDI4>
        <Q5FDI5>AIBOFO</Q5FDI5>
        <Q5FDI6>AIBOGE</Q5FDI6>
        <Q5FDI7>AICHID</Q5FDI7>
        <Q5FDI8>AICHNO</Q5FDI8>
        <Q5FDI9>AIDEFD</Q5FDI9>
        <Q5FDIA>AIDEFH</Q5FDIA>
        <Q5FDB1>00005</Q5FDB1>
        <Q5FDB2>00007</Q5FDB2>
        <Q5FDB3>00002</Q5FDB3>
        <Q5FDB4>00015</Q5FDB4>
        <Q5FDB5>00001</Q5FDB5>
        <Q5FDB6>00001</Q5FDB6>
        <Q5FDB7>00010</Q5FDB7>
        <Q5FDB8>00003</Q5FDB8>
        <Q5FDB9>00003</Q5FDB9>
        <Q5FDBA>00002</Q5FDBA>
        <Q5OVM1></Q5OVM1>
        <Q5OVM2></Q5OVM2>
        <Q5OVM3></Q5OVM3>
        <Q5OVM4></Q5OVM4>
        <Q5OVM5></Q5OVM5>
        <Q5OVM6></Q5OVM6>
        <Q5OVM7></Q5OVM7>
        <Q5OVM8></Q5OVM8>
        <Q5OVM9></Q5OVM9>
        <Q5OVMA></Q5OVMA>
        <Q5OVN1></Q5OVN1>
        <Q5OVN2></Q5OVN2>
        <Q5OVN3></Q5OVN3>
        <Q5OVN4></Q5OVN4>
        <Q5OVN5></Q5OVN5>
        <Q5OVN6></Q5OVN6>
        <Q5OVN7></Q5OVN7>
        <Q5OVN8></Q5OVN8>
        <Q5OVN9></Q5OVN9>
        <Q5OVNA></Q5OVNA>
        <Q5MSF1></Q5MSF1>
        <Q5MSF2></Q5MSF2>
        <Q5MSF3></Q5MSF3>
        <Q5MSF4></Q5MSF4>
        <Q5MSF5></Q5MSF5>
        <Q5MSF6></Q5MSF6>
        <Q5MSF7></Q5MSF7>
        <Q5MSF8></Q5MSF8>
        <Q5MSF9></Q5MSF9>
        <Q5MSFA></Q5MSFA>
        <Q5RPBK>000</Q5RPBK></Fields></Add>
    <Add>
      <APIProgram>CMS011MI</APIProgram>
      <Transaction>AddFields</Transaction>
      <Fields>
        <Q5IBCA>ZBP_MPAGRP</Q5IBCA>
        <Q5MGRP></Q5MGRP>
        <Q5FILE>MPAGRL</Q5FILE>
        <Q5FIPX></Q5FIPX>
        <Q5FDI1>AIDEFM</Q5FDI1>
        <Q5FDI2>AIDLSH</Q5FDI2>
        <Q5FDI3>AIDTID</Q5FDI3>
        <Q5FDI4>AIFACI</Q5FDI4>
        <Q5FDI5>AIFVDT</Q5FDI5>
        <Q5FDI6>AIGRMT</Q5FDI6>
        <Q5FDI7>AIGRPI</Q5FDI7>
        <Q5FDI8>AIITNO</Q5FDI8>
        <Q5FDI9>AILEA1</Q5FDI9>
        <Q5FDIA>AILMDT</Q5FDIA>
        <Q5FDB1>00002</Q5FDB1>
        <Q5FDB2>00005</Q5FDB2>
        <Q5FDB3>00013</Q5FDB3>
        <Q5FDB4>00003</Q5FDB4>
        <Q5FDB5>00008</Q5FDB5>
        <Q5FDB6>00003</Q5FDB6>
        <Q5FDB7>00002</Q5FDB7>
        <Q5FDB8>00015</Q5FDB8>
        <Q5FDB9>00003</Q5FDB9>
        <Q5FDBA>00008</Q5FDBA>
        <Q5OVM1></Q5OVM1>
        <Q5OVM2></Q5OVM2>
        <Q5OVM3></Q5OVM3>
        <Q5OVM4></Q5OVM4>
        <Q5OVM5></Q5OVM5>
        <Q5OVM6></Q5OVM6>
        <Q5OVM7></Q5OVM7>
        <Q5OVM8></Q5OVM8>
        <Q5OVM9></Q5OVM9>
        <Q5OVMA></Q5OVMA>
        <Q5OVN1></Q5OVN1>
        <Q5OVN2></Q5OVN2>
        <Q5OVN3></Q5OVN3>
        <Q5OVN4></Q5OVN4>
        <Q5OVN5></Q5OVN5>
        <Q5OVN6></Q5OVN6>
        <Q5OVN7></Q5OVN7>
        <Q5OVN8></Q5OVN8>
        <Q5OVN9></Q5OVN9>
        <Q5OVNA></Q5OVNA>
        <Q5MSF1></Q5MSF1>
        <Q5MSF2></Q5MSF2>
        <Q5MSF3></Q5MSF3>
        <Q5MSF4></Q5MSF4>
        <Q5MSF5></Q5MSF5>
        <Q5MSF6></Q5MSF6>
        <Q5MSF7></Q5MSF7>
        <Q5MSF8></Q5MSF8>
        <Q5MSF9></Q5MSF9>
        <Q5MSFA></Q5MSFA>
        <Q5RPBK>000</Q5RPBK></Fields></Add>
    <Add>
      <APIProgram>CMS011MI</APIProgram>
      <Transaction>AddFields</Transaction>
      <Fields>
        <Q5IBCA>ZBP_MPAGRP</Q5IBCA>
        <Q5MGRP></Q5MGRP>
        <Q5FILE>MPAGRL</Q5FILE>
        <Q5FIPX></Q5FIPX>
        <Q5FDI1>AILMTS</Q5FDI1>
        <Q5FDI2>AIOBV1</Q5FDI2>
        <Q5FDI3>AIOBV2</Q5FDI3>
        <Q5FDI4>AIOBV3</Q5FDI4>
        <Q5FDI5>AIOBV4</Q5FDI5>
        <Q5FDI6>AIORCO</Q5FDI6>
        <Q5FDI7>AIORTY</Q5FDI7>
        <Q5FDI8>AIPAAM</Q5FDI8>
        <Q5FDI9>AIPODI</Q5FDI9>
        <Q5FDIA>AIPORG</Q5FDIA>
        <Q5FDB1>00018</Q5FDB1>
        <Q5FDB2>00020</Q5FDB2>
        <Q5FDB3>00020</Q5FDB3>
        <Q5FDB4>00020</Q5FDB4>
        <Q5FDB5>00020</Q5FDB5>
        <Q5FDB6>00003</Q5FDB6>
        <Q5FDB7>00003</Q5FDB7>
        <Q5FDB8>00015</Q5FDB8>
        <Q5FDB9>00001</Q5FDB9>
        <Q5FDBA>00010</Q5FDBA>
        <Q5OVM1></Q5OVM1>
        <Q5OVM2></Q5OVM2>
        <Q5OVM3></Q5OVM3>
        <Q5OVM4></Q5OVM4>
        <Q5OVM5></Q5OVM5>
        <Q5OVM6></Q5OVM6>
        <Q5OVM7></Q5OVM7>
        <Q5OVM8></Q5OVM8>
        <Q5OVM9></Q5OVM9>
        <Q5OVMA></Q5OVMA>
        <Q5OVN1></Q5OVN1>
        <Q5OVN2></Q5OVN2>
        <Q5OVN3></Q5OVN3>
        <Q5OVN4></Q5OVN4>
        <Q5OVN5></Q5OVN5>
        <Q5OVN6></Q5OVN6>
        <Q5OVN7></Q5OVN7>
        <Q5OVN8></Q5OVN8>
        <Q5OVN9></Q5OVN9>
        <Q5OVNA></Q5OVNA>
        <Q5MSF1></Q5MSF1>
        <Q5MSF2></Q5MSF2>
        <Q5MSF3></Q5MSF3>
        <Q5MSF4></Q5MSF4>
        <Q5MSF5></Q5MSF5>
        <Q5MSF6></Q5MSF6>
        <Q5MSF7></Q5MSF7>
        <Q5MSF8></Q5MSF8>
        <Q5MSF9></Q5MSF9>
        <Q5MSFA></Q5MSFA>
        <Q5RPBK>000</Q5RPBK></Fields></Add>
    <Add>
      <APIProgram>CMS011MI</APIProgram>
      <Transaction>AddFields</Transaction>
      <Fields>
        <Q5IBCA>ZBP_MPAGRP</Q5IBCA>
        <Q5MGRP></Q5MGRP>
        <Q5FILE>MPAGRL</Q5FILE>
        <Q5FIPX></Q5FIPX>
        <Q5FDI1>AIPPUN</Q5FDI1>
        <Q5FDI2>AIPTCD</Q5FDI2>
        <Q5FDI3>AIPUCD</Q5FDI3>
        <Q5FDI4>AIPUQT</Q5FDI4>
        <Q5FDI5>AIPUUN</Q5FDI5>
        <Q5FDI6>AIRDUR</Q5FDI6>
        <Q5FDI7>AIRENA</Q5FDI7>
        <Q5FDI8>AIREQU</Q5FDI8>
        <Q5FDI9>AIRGDT</Q5FDI9>
        <Q5FDIA>AIRGTM</Q5FDIA>
        <Q5FDB1>00003</Q5FDB1>
        <Q5FDB2>00001</Q5FDB2>
        <Q5FDB3>00005</Q5FDB3>
        <Q5FDB4>00015</Q5FDB4>
        <Q5FDB5>00003</Q5FDB5>
        <Q5FDB6>00015</Q5FDB6>
        <Q5FDB7>00015</Q5FDB7>
        <Q5FDB8>00015</Q5FDB8>
        <Q5FDB9>00008</Q5FDB9>
        <Q5FDBA>00006</Q5FDBA>
        <Q5OVM1></Q5OVM1>
        <Q5OVM2></Q5OVM2>
        <Q5OVM3></Q5OVM3>
        <Q5OVM4></Q5OVM4>
        <Q5OVM5></Q5OVM5>
        <Q5OVM6></Q5OVM6>
        <Q5OVM7></Q5OVM7>
        <Q5OVM8></Q5OVM8>
        <Q5OVM9></Q5OVM9>
        <Q5OVMA></Q5OVMA>
        <Q5OVN1></Q5OVN1>
        <Q5OVN2></Q5OVN2>
        <Q5OVN3></Q5OVN3>
        <Q5OVN4></Q5OVN4>
        <Q5OVN5></Q5OVN5>
        <Q5OVN6></Q5OVN6>
        <Q5OVN7></Q5OVN7>
        <Q5OVN8></Q5OVN8>
        <Q5OVN9></Q5OVN9>
        <Q5OVNA></Q5OVNA>
        <Q5MSF1></Q5MSF1>
        <Q5MSF2></Q5MSF2>
        <Q5MSF3></Q5MSF3>
        <Q5MSF4></Q5MSF4>
        <Q5MSF5></Q5MSF5>
        <Q5MSF6></Q5MSF6>
        <Q5MSF7></Q5MSF7>
        <Q5MSF8></Q5MSF8>
        <Q5MSF9></Q5MSF9>
        <Q5MSFA></Q5MSFA>
        <Q5RPBK>000</Q5RPBK></Fields></Add>
    <Add>
      <APIProgram>CMS011MI</APIProgram>
      <Transaction>AddFields</Transaction>
      <Fields>
        <Q5IBCA>ZBP_MPAGRP</Q5IBCA>
        <Q5MGRP></Q5MGRP>
        <Q5FILE>MPAGRL</Q5FILE>
        <Q5FIPX></Q5FIPX>
        <Q5FDI1>AIRVQT</Q5FDI1>
        <Q5FDI2>AISAGL</Q5FDI2>
        <Q5FDI3>AISEQN</Q5FDI3>
        <Q5FDI4>AISUNO</Q5FDI4>
        <Q5FDI5>AISUPR</Q5FDI5>
        <Q5FDI6>AITXID</Q5FDI6>
        <Q5FDI7>AIUASU</Q5FDI7>
        <Q5FDI8>AIUNIT</Q5FDI8>
        <Q5FDI9>AIUVDT</Q5FDI9>
        <Q5FDIA>AIVOLI</Q5FDIA>
        <Q5FDB1>00015</Q5FDB1>
        <Q5FDB2>00002</Q5FDB2>
        <Q5FDB3>00007</Q5FDB3>
        <Q5FDB4>00010</Q5FDB4>
        <Q5FDB5>00015</Q5FDB5>
        <Q5FDB6>00013</Q5FDB6>
        <Q5FDB7>00001</Q5FDB7>
        <Q5FDB8>00003</Q5FDB8>
        <Q5FDB9>00008</Q5FDB9>
        <Q5FDBA>00001</Q5FDBA>
        <Q5OVM1></Q5OVM1>
        <Q5OVM2></Q5OVM2>
        <Q5OVM3></Q5OVM3>
        <Q5OVM4></Q5OVM4>
        <Q5OVM5></Q5OVM5>
        <Q5OVM6></Q5OVM6>
        <Q5OVM7></Q5OVM7>
        <Q5OVM8></Q5OVM8>
        <Q5OVM9></Q5OVM9>
        <Q5OVMA></Q5OVMA>
        <Q5OVN1></Q5OVN1>
        <Q5OVN2></Q5OVN2>
        <Q5OVN3></Q5OVN3>
        <Q5OVN4></Q5OVN4>
        <Q5OVN5></Q5OVN5>
        <Q5OVN6></Q5OVN6>
        <Q5OVN7></Q5OVN7>
        <Q5OVN8></Q5OVN8>
        <Q5OVN9></Q5OVN9>
        <Q5OVNA></Q5OVNA>
        <Q5MSF1></Q5MSF1>
        <Q5MSF2></Q5MSF2>
        <Q5MSF3></Q5MSF3>
        <Q5MSF4></Q5MSF4>
        <Q5MSF5></Q5MSF5>
        <Q5MSF6></Q5MSF6>
        <Q5MSF7></Q5MSF7>
        <Q5MSF8></Q5MSF8>
        <Q5MSF9></Q5MSF9>
        <Q5MSFA></Q5MSFA>
        <Q5RPBK>000</Q5RPBK></Fields></Add>
    <Add>
      <APIProgram>CMS011MI</APIProgram>
      <Transaction>AddFields</Transaction>
      <Fields>
        <Q5IBCA>ZBP_MPAGRP</Q5IBCA>
        <Q5MGRP></Q5MGRP>
        <Q5FILE>MPAGRL</Q5FILE>
        <Q5FIPX></Q5FIPX>
        <Q5FDI1>AIWAL1</Q5FDI1>
        <Q5FDI2>AIWAL2</Q5FDI2>
        <Q5FDI3>AIWAL3</Q5FDI3>
        <Q5FDI4>AIWAL4</Q5FDI4>
        <Q5FDI5>AIWSCA</Q5FDI5>
        <Q5FDI6>AIXHUN</Q5FDI6>
        <Q5FDI7></Q5FDI7>
        <Q5FDI8></Q5FDI8>
        <Q5FDI9></Q5FDI9>
        <Q5FDIA></Q5FDIA>
        <Q5FDB1>00015</Q5FDB1>
        <Q5FDB2>00015</Q5FDB2>
        <Q5FDB3>00015</Q5FDB3>
        <Q5FDB4>00015</Q5FDB4>
        <Q5FDB5>00006</Q5FDB5>
        <Q5FDB6>00003</Q5FDB6>
        <Q5FDB7>00000</Q5FDB7>
        <Q5FDB8>00000</Q5FDB8>
        <Q5FDB9>00000</Q5FDB9>
        <Q5FDBA>00000</Q5FDBA>
        <Q5OVM1></Q5OVM1>
        <Q5OVM2></Q5OVM2>
        <Q5OVM3></Q5OVM3>
        <Q5OVM4></Q5OVM4>
        <Q5OVM5></Q5OVM5>
        <Q5OVM6></Q5OVM6>
        <Q5OVM7></Q5OVM7>
        <Q5OVM8></Q5OVM8>
        <Q5OVM9></Q5OVM9>
        <Q5OVMA></Q5OVMA>
        <Q5OVN1></Q5OVN1>
        <Q5OVN2></Q5OVN2>
        <Q5OVN3></Q5OVN3>
        <Q5OVN4></Q5OVN4>
        <Q5OVN5></Q5OVN5>
        <Q5OVN6></Q5OVN6>
        <Q5OVN7></Q5OVN7>
        <Q5OVN8></Q5OVN8>
        <Q5OVN9></Q5OVN9>
        <Q5OVNA></Q5OVNA>
        <Q5MSF1></Q5MSF1>
        <Q5MSF2></Q5MSF2>
        <Q5MSF3></Q5MSF3>
        <Q5MSF4></Q5MSF4>
        <Q5MSF5></Q5MSF5>
        <Q5MSF6></Q5MSF6>
        <Q5MSF7></Q5MSF7>
        <Q5MSF8></Q5MSF8>
        <Q5MSF9></Q5MSF9>
        <Q5MSFA></Q5MSFA>
        <Q5RPBK>000</Q5RPBK></Fields></Add>
    <Add>
      <APIProgram>MNS120MI</APIProgram>
      <Transaction>Add</Transaction>
      <Fields>
        <Q0FILE>MPAGRL</Q0FILE>
        <Q0RFMT>          </Q0RFMT>
        <Q0FTYP>P</Q0FTYP>
        <Q0SEQ1>0</Q0SEQ1>
        <Q0MXKL>0</Q0MXKL>
        <Q0BPGM>PPS101</Q0BPGM>
        <Q0MSID>XMP1017</Q0MSID></Fields></Add>
    <Add>
      <APIProgram>MNS120MI</APIProgram>
      <Transaction>Supplement</Transaction>
      <Fields>
        <Q7FILE>MPAGRL</Q7FILE>
        <Q7BPGM>PPS101</Q7BPGM>
        <Q7MSID>XMP1017</Q7MSID></Fields></Add>
    <Delete>
      <APIProgram>MNS120MI</APIProgram>
      <Transaction>Chg</Transaction>
      <Fields>
        <Q1FILE>MPAGRL</Q1FILE>
        <Q1BPGM>PPS101</Q1BPGM>
        <Q1MSID>XMP1017</Q1MSID></Fields></Delete>
    <Delete>
      <APIProgram>CRS020MI</APIProgram>
      <Transaction>DelPanelVersion</Transaction>
      <Fields>
        <Q4PGNM>CMS100</Q4PGNM>
        <Q4RESP></Q4RESP>
        <Q4PAVR>STD01-00</Q4PAVR>
        <Q4PIC1>B</Q4PIC1>
        <Q4IBCA>ZBP_MPAGRP</Q4IBCA></Fields></Delete>
    <Add>
      <APIProgram>CRS020MI</APIProgram>
      <Transaction>UpdPanelVerCol</Transaction>
      <Fields>
        <Q5PGNM>CMS100</Q5PGNM>
        <Q5IBCA>ZBP_MPAGRP</Q5IBCA>
        <Q5RESP></Q5RESP>
        <Q5PAVR>STD01-00</Q5PAVR>
        <Q5PIC1>B</Q5PIC1>
        <Q5TX40>Standard view for sorting order 1</Q5TX40>
        <Q5TX15>Supply lead tm</Q5TX15>
        <Q5QTTP>01</Q5QTTP>
        <Q5COID>01</Q5COID>
        <Q5FLDI>AJSUNO</Q5FLDI>
        <Q5FLTY>A</Q5FLTY>
        <Q5MSID>WSU01C0</Q5MSID>
        <Q5FLDL>00010</Q5FLDL>
        <Q5FLLU>00000</Q5FLLU>
        <Q5FNDC>0</Q5FNDC>
        <Q5UNDC></Q5UNDC>
        <Q5ECDE></Q5ECDE>
        <Q5ECDU></Q5ECDU>
        <Q5SMFL>0</Q5SMFL>
        <Q5MXAV>0000000000000</Q5MXAV>
        <Q5SUMA>0</Q5SUMA>
        <Q5OMAX>0</Q5OMAX>
        <Q5SOSQ>000</Q5SOSQ>
        <Q5FDCA></Q5FDCA>
        <Q5DCNY>0</Q5DCNY>
        <Q5UDCN></Q5UDCN>
        <Q5EDFL>0</Q5EDFL>
        <Q5AGDR>00</Q5AGDR>
        <Q5AGUR>0</Q5AGUR>
        <Q5SUBR>2</Q5SUBR>
        <Q5DTFR></Q5DTFR>
        <Q5DCFM></Q5DCFM>
        <Q5DDBX>0</Q5DDBX></Fields></Add>
    <Add>
      <APIProgram>CRS020MI</APIProgram>
      <Transaction>UpdPanelVerCol</Transaction>
      <Fields>
        <Q5PGNM>CMS100</Q5PGNM>
        <Q5IBCA>ZBP_MPAGRP</Q5IBCA>
        <Q5RESP></Q5RESP>
        <Q5PAVR>STD01-00</Q5PAVR>
        <Q5PIC1>B</Q5PIC1>
        <Q5TX40>Standard view for sorting order 1</Q5TX40>
        <Q5TX15>Supply lead tm</Q5TX15>
        <Q5QTTP>01</Q5QTTP>
        <Q5COID>02</Q5COID>
        <Q5FLDI>AJAGNB</Q5FLDI>
        <Q5FLTY>A</Q5FLTY>
        <Q5MSID>WAG11C0</Q5MSID>
        <Q5FLDL>00007</Q5FLDL>
        <Q5FLLU>00000</Q5FLLU>
        <Q5FNDC>0</Q5FNDC>
        <Q5UNDC></Q5UNDC>
        <Q5ECDE></Q5ECDE>
        <Q5ECDU></Q5ECDU>
        <Q5SMFL>0</Q5SMFL>
        <Q5MXAV>0000000000000</Q5MXAV>
        <Q5SUMA>0</Q5SUMA>
        <Q5OMAX>0</Q5OMAX>
        <Q5SOSQ>000</Q5SOSQ>
        <Q5FDCA></Q5FDCA>
        <Q5DCNY>0</Q5DCNY>
        <Q5UDCN></Q5UDCN>
        <Q5EDFL>0</Q5EDFL>
        <Q5AGDR>00</Q5AGDR>
        <Q5AGUR>0</Q5AGUR>
        <Q5SUBR>0</Q5SUBR>
        <Q5DTFR></Q5DTFR>
        <Q5DCFM></Q5DCFM>
        <Q5DDBX>0</Q5DDBX></Fields></Add>
    <Add>
      <APIProgram>CRS020MI</APIProgram>
      <Transaction>UpdPanelVerCol</Transaction>
      <Fields>
        <Q5PGNM>CMS100</Q5PGNM>
        <Q5IBCA>ZBP_MPAGRP</Q5IBCA>
        <Q5RESP></Q5RESP>
        <Q5PAVR>STD01-00</Q5PAVR>
        <Q5PIC1>B</Q5PIC1>
        <Q5TX40>Standard view for sorting order 1</Q5TX40>
        <Q5TX15>Supply lead tm</Q5TX15>
        <Q5QTTP>01</Q5QTTP>
        <Q5COID>03</Q5COID>
        <Q5FLDI>AJGRPI</Q5FLDI>
        <Q5FLTY>P</Q5FLTY>
        <Q5MSID>WGR36C0</Q5MSID>
        <Q5FLDL>00003</Q5FLDL>
        <Q5FLLU>00000</Q5FLLU>
        <Q5FNDC>0</Q5FNDC>
        <Q5UNDC></Q5UNDC>
        <Q5ECDE>4</Q5ECDE>
        <Q5ECDU></Q5ECDU>
        <Q5SMFL>-1</Q5SMFL>
        <Q5MXAV>0000000000000</Q5MXAV>
        <Q5SUMA>0</Q5SUMA>
        <Q5OMAX>0</Q5OMAX>
        <Q5SOSQ>000</Q5SOSQ>
        <Q5FDCA></Q5FDCA>
        <Q5DCNY>0</Q5DCNY>
        <Q5UDCN></Q5UDCN>
        <Q5EDFL>0</Q5EDFL>
        <Q5AGDR>00</Q5AGDR>
        <Q5AGUR>0</Q5AGUR>
        <Q5SUBR>0</Q5SUBR>
        <Q5DTFR></Q5DTFR>
        <Q5DCFM></Q5DCFM>
        <Q5DDBX>0</Q5DDBX></Fields></Add>
    <Add>
      <APIProgram>CRS020MI</APIProgram>
      <Transaction>UpdPanelVerCol</Transaction>
      <Fields>
        <Q5PGNM>CMS100</Q5PGNM>
        <Q5IBCA>ZBP_MPAGRP</Q5IBCA>
        <Q5RESP></Q5RESP>
        <Q5PAVR>STD01-00</Q5PAVR>
        <Q5PIC1>B</Q5PIC1>
        <Q5TX40>Standard view for sorting order 1</Q5TX40>
        <Q5TX15>Supply lead tm</Q5TX15>
        <Q5QTTP>01</Q5QTTP>
        <Q5COID>04</Q5COID>
        <Q5FLDI>AJOBV1</Q5FLDI>
        <Q5FLTY>A</Q5FLTY>
        <Q5MSID>WOB21C0</Q5MSID>
        <Q5FLDL>00020</Q5FLDL>
        <Q5FLLU>00000</Q5FLLU>
        <Q5FNDC>0</Q5FNDC>
        <Q5UNDC></Q5UNDC>
        <Q5ECDE></Q5ECDE>
        <Q5ECDU></Q5ECDU>
        <Q5SMFL>0</Q5SMFL>
        <Q5MXAV>0000000000000</Q5MXAV>
        <Q5SUMA>0</Q5SUMA>
        <Q5OMAX>0</Q5OMAX>
        <Q5SOSQ>000</Q5SOSQ>
        <Q5FDCA></Q5FDCA>
        <Q5DCNY>0</Q5DCNY>
        <Q5UDCN></Q5UDCN>
        <Q5EDFL>0</Q5EDFL>
        <Q5AGDR>00</Q5AGDR>
        <Q5AGUR>0</Q5AGUR>
        <Q5SUBR>0</Q5SUBR>
        <Q5DTFR></Q5DTFR>
        <Q5DCFM></Q5DCFM>
        <Q5DDBX>0</Q5DDBX></Fields></Add>
    <Add>
      <APIProgram>CRS020MI</APIProgram>
      <Transaction>UpdPanelVerCol</Transaction>
      <Fields>
        <Q5PGNM>CMS100</Q5PGNM>
        <Q5IBCA>ZBP_MPAGRP</Q5IBCA>
        <Q5RESP></Q5RESP>
        <Q5PAVR>STD01-00</Q5PAVR>
        <Q5PIC1>B</Q5PIC1>
        <Q5TX40>Standard view for sorting order 1</Q5TX40>
        <Q5TX15>Supply lead tm</Q5TX15>
        <Q5QTTP>01</Q5QTTP>
        <Q5COID>05</Q5COID>
        <Q5FLDI>AJOBV2</Q5FLDI>
        <Q5FLTY>A</Q5FLTY>
        <Q5MSID>WOB22C0</Q5MSID>
        <Q5FLDL>00020</Q5FLDL>
        <Q5FLLU>00000</Q5FLLU>
        <Q5FNDC>0</Q5FNDC>
        <Q5UNDC></Q5UNDC>
        <Q5ECDE></Q5ECDE>
        <Q5ECDU></Q5ECDU>
        <Q5SMFL>0</Q5SMFL>
        <Q5MXAV>0000000000000</Q5MXAV>
        <Q5SUMA>0</Q5SUMA>
        <Q5OMAX>0</Q5OMAX>
        <Q5SOSQ>000</Q5SOSQ>
        <Q5FDCA></Q5FDCA>
        <Q5DCNY>0</Q5DCNY>
        <Q5UDCN></Q5UDCN>
        <Q5EDFL>0</Q5EDFL>
        <Q5AGDR>00</Q5AGDR>
        <Q5AGUR>0</Q5AGUR>
        <Q5SUBR>0</Q5SUBR>
        <Q5DTFR></Q5DTFR>
        <Q5DCFM></Q5DCFM>
        <Q5DDBX>0</Q5DDBX></Fields></Add>
    <Add>
      <APIProgram>CRS020MI</APIProgram>
      <Transaction>UpdPanelVerCol</Transaction>
      <Fields>
        <Q5PGNM>CMS100</Q5PGNM>
        <Q5IBCA>ZBP_MPAGRP</Q5IBCA>
        <Q5RESP></Q5RESP>
        <Q5PAVR>STD01-00</Q5PAVR>
        <Q5PIC1>B</Q5PIC1>
        <Q5TX40>Standard view for sorting order 1</Q5TX40>
        <Q5TX15>Supply lead tm</Q5TX15>
        <Q5QTTP>01</Q5QTTP>
        <Q5COID>06</Q5COID>
        <Q5FLDI>AJOBV3</Q5FLDI>
        <Q5FLTY>A</Q5FLTY>
        <Q5MSID>WOB23C0</Q5MSID>
        <Q5FLDL>00020</Q5FLDL>
        <Q5FLLU>00000</Q5FLLU>
        <Q5FNDC>0</Q5FNDC>
        <Q5UNDC></Q5UNDC>
        <Q5ECDE></Q5ECDE>
        <Q5ECDU></Q5ECDU>
        <Q5SMFL>0</Q5SMFL>
        <Q5MXAV>0000000000000</Q5MXAV>
        <Q5SUMA>0</Q5SUMA>
        <Q5OMAX>0</Q5OMAX>
        <Q5SOSQ>000</Q5SOSQ>
        <Q5FDCA></Q5FDCA>
        <Q5DCNY>0</Q5DCNY>
        <Q5UDCN></Q5UDCN>
        <Q5EDFL>0</Q5EDFL>
        <Q5AGDR>00</Q5AGDR>
        <Q5AGUR>0</Q5AGUR>
        <Q5SUBR>0</Q5SUBR>
        <Q5DTFR></Q5DTFR>
        <Q5DCFM></Q5DCFM>
        <Q5DDBX>0</Q5DDBX></Fields></Add>
    <Add>
      <APIProgram>CRS020MI</APIProgram>
      <Transaction>UpdPanelVerCol</Transaction>
      <Fields>
        <Q5PGNM>CMS100</Q5PGNM>
        <Q5IBCA>ZBP_MPAGRP</Q5IBCA>
        <Q5RESP></Q5RESP>
        <Q5PAVR>STD01-00</Q5PAVR>
        <Q5PIC1>B</Q5PIC1>
        <Q5TX40>Standard view for sorting order 1</Q5TX40>
        <Q5TX15>Supply lead tm</Q5TX15>
        <Q5QTTP>01</Q5QTTP>
        <Q5COID>07</Q5COID>
        <Q5FLDI>AJOBV4</Q5FLDI>
        <Q5FLTY>A</Q5FLTY>
        <Q5MSID>WOB24C0</Q5MSID>
        <Q5FLDL>00020</Q5FLDL>
        <Q5FLLU>00000</Q5FLLU>
        <Q5FNDC>0</Q5FNDC>
        <Q5UNDC></Q5UNDC>
        <Q5ECDE></Q5ECDE>
        <Q5ECDU></Q5ECDU>
        <Q5SMFL>0</Q5SMFL>
        <Q5MXAV>0000000000000</Q5MXAV>
        <Q5SUMA>0</Q5SUMA>
        <Q5OMAX>0</Q5OMAX>
        <Q5SOSQ>000</Q5SOSQ>
        <Q5FDCA></Q5FDCA>
        <Q5DCNY>0</Q5DCNY>
        <Q5UDCN></Q5UDCN>
        <Q5EDFL>0</Q5EDFL>
        <Q5AGDR>00</Q5AGDR>
        <Q5AGUR>0</Q5AGUR>
        <Q5SUBR>0</Q5SUBR>
        <Q5DTFR></Q5DTFR>
        <Q5DCFM></Q5DCFM>
        <Q5DDBX>0</Q5DDBX></Fields></Add>
    <Add>
      <APIProgram>CRS020MI</APIProgram>
      <Transaction>UpdPanelVerCol</Transaction>
      <Fields>
        <Q5PGNM>CMS100</Q5PGNM>
        <Q5IBCA>ZBP_MPAGRP</Q5IBCA>
        <Q5RESP></Q5RESP>
        <Q5PAVR>STD01-00</Q5PAVR>
        <Q5PIC1>B</Q5PIC1>
        <Q5TX40>Standard view for sorting order 1</Q5TX40>
        <Q5TX15>Supply lead tm</Q5TX15>
        <Q5QTTP>01</Q5QTTP>
        <Q5COID>08</Q5COID>
        <Q5FLDI>AJFVDT</Q5FLDI>
        <Q5FLTY>P</Q5FLTY>
        <Q5MSID>WFVD1C0</Q5MSID>
        <Q5FLDL>00008</Q5FLDL>
        <Q5FLLU>00000</Q5FLLU>
        <Q5FNDC></Q5FNDC>
        <Q5UNDC></Q5UNDC>
        <Q5ECDE>Z</Q5ECDE>
        <Q5ECDU></Q5ECDU>
        <Q5SMFL>0</Q5SMFL>
        <Q5MXAV>0000000000000</Q5MXAV>
        <Q5SUMA>0</Q5SUMA>
        <Q5OMAX>0</Q5OMAX>
        <Q5SOSQ>000</Q5SOSQ>
        <Q5FDCA>D01</Q5FDCA>
        <Q5DCNY>0</Q5DCNY>
        <Q5UDCN></Q5UDCN>
        <Q5EDFL>0</Q5EDFL>
        <Q5AGDR>00</Q5AGDR>
        <Q5AGUR>0</Q5AGUR>
        <Q5SUBR>0</Q5SUBR>
        <Q5DTFR></Q5DTFR>
        <Q5DCFM></Q5DCFM>
        <Q5DDBX>0</Q5DDBX></Fields></Add>
    <Add>
      <APIProgram>CRS020MI</APIProgram>
      <Transaction>UpdPanelVerCol</Transaction>
      <Fields>
        <Q5PGNM>CMS100</Q5PGNM>
        <Q5IBCA>ZBP_MPAGRP</Q5IBCA>
        <Q5RESP></Q5RESP>
        <Q5PAVR>STD01-00</Q5PAVR>
        <Q5PIC1>B</Q5PIC1>
        <Q5TX40>Standard view for sorting order 1</Q5TX40>
        <Q5TX15>Supply lead tm</Q5TX15>
        <Q5QTTP>01</Q5QTTP>
        <Q5COID>09</Q5COID>
        <Q5FLDI>AHMODL</Q5FLDI>
        <Q5FLTY>A</Q5FLTY>
        <Q5MSID>WMO01C0</Q5MSID>
        <Q5FLDL>00003</Q5FLDL>
        <Q5FLLU>00000</Q5FLLU>
        <Q5FNDC>0</Q5FNDC>
        <Q5UNDC></Q5UNDC>
        <Q5ECDE></Q5ECDE>
        <Q5ECDU></Q5ECDU>
        <Q5SMFL>0</Q5SMFL>
        <Q5MXAV>0000000000000</Q5MXAV>
        <Q5SUMA>0</Q5SUMA>
        <Q5OMAX>0</Q5OMAX>
        <Q5SOSQ>000</Q5SOSQ>
        <Q5FDCA></Q5FDCA>
        <Q5DCNY>0</Q5DCNY>
        <Q5UDCN></Q5UDCN>
        <Q5EDFL>0</Q5EDFL>
        <Q5AGDR>00</Q5AGDR>
        <Q5AGUR>0</Q5AGUR>
        <Q5SUBR>0</Q5SUBR>
        <Q5DTFR></Q5DTFR>
        <Q5DCFM></Q5DCFM>
        <Q5DDBX>0</Q5DDBX></Fields></Add>
    <Add>
      <APIProgram>CRS020MI</APIProgram>
      <Transaction>UpdPanelVerCol</Transaction>
      <Fields>
        <Q5PGNM>CMS100</Q5PGNM>
        <Q5IBCA>ZBP_MPAGRP</Q5IBCA>
        <Q5RESP></Q5RESP>
        <Q5PAVR>STD01-00</Q5PAVR>
        <Q5PIC1>B</Q5PIC1>
        <Q5TX40>Standard view for sorting order 1</Q5TX40>
        <Q5TX15>Supply lead tm</Q5TX15>
        <Q5QTTP>01</Q5QTTP>
        <Q5COID>10</Q5COID>
        <Q5FLDI>AHCUCD</Q5FLDI>
        <Q5FLTY>A</Q5FLTY>
        <Q5MSID>WCU01C0</Q5MSID>
        <Q5FLDL>00003</Q5FLDL>
        <Q5FLLU>00000</Q5FLLU>
        <Q5FNDC>0</Q5FNDC>
        <Q5UNDC></Q5UNDC>
        <Q5ECDE></Q5ECDE>
        <Q5ECDU></Q5ECDU>
        <Q5SMFL>0</Q5SMFL>
        <Q5MXAV>0000000000000</Q5MXAV>
        <Q5SUMA>0</Q5SUMA>
        <Q5OMAX>0</Q5OMAX>
        <Q5SOSQ>000</Q5SOSQ>
        <Q5FDCA></Q5FDCA>
        <Q5DCNY>0</Q5DCNY>
        <Q5UDCN></Q5UDCN>
        <Q5EDFL>0</Q5EDFL>
        <Q5AGDR>00</Q5AGDR>
        <Q5AGUR>0</Q5AGUR>
        <Q5SUBR>0</Q5SUBR>
        <Q5DTFR></Q5DTFR>
        <Q5DCFM></Q5DCFM>
        <Q5DDBX>0</Q5DDBX></Fields></Add>
    <Add>
      <APIProgram>CRS020MI</APIProgram>
      <Transaction>UpdPanelVerCol</Transaction>
      <Fields>
        <Q5PGNM>CMS100</Q5PGNM>
        <Q5IBCA>ZBP_MPAGRP</Q5IBCA>
        <Q5RESP></Q5RESP>
        <Q5PAVR>STD01-00</Q5PAVR>
        <Q5PIC1>B</Q5PIC1>
        <Q5TX40>Standard view for sorting order 1</Q5TX40>
        <Q5TX15>Supply lead tm</Q5TX15>
        <Q5QTTP>01</Q5QTTP>
        <Q5COID>11</Q5COID>
        <Q5FLDI>AJFRQT</Q5FLDI>
        <Q5FLTY>P</Q5FLTY>
        <Q5MSID>WFR06C0</Q5MSID>
        <Q5FLDL>00017</Q5FLDL>
        <Q5FLLU>00000</Q5FLLU>
        <Q5FNDC>6</Q5FNDC>
        <Q5UNDC></Q5UNDC>
        <Q5ECDE>M</Q5ECDE>
        <Q5ECDU></Q5ECDU>
        <Q5SMFL>0</Q5SMFL>
        <Q5MXAV>0000000000000</Q5MXAV>
        <Q5SUMA>0</Q5SUMA>
        <Q5OMAX>0</Q5OMAX>
        <Q5SOSQ>000</Q5SOSQ>
        <Q5FDCA>B01</Q5FDCA>
        <Q5DCNY>0</Q5DCNY>
        <Q5UDCN></Q5UDCN>
        <Q5EDFL>0</Q5EDFL>
        <Q5AGDR>00</Q5AGDR>
        <Q5AGUR>0</Q5AGUR>
        <Q5SUBR>0</Q5SUBR>
        <Q5DTFR></Q5DTFR>
        <Q5DCFM></Q5DCFM>
        <Q5DDBX>0</Q5DDBX></Fields></Add>
    <Add>
      <APIProgram>CRS020MI</APIProgram>
      <Transaction>UpdPanelVerCol</Transaction>
      <Fields>
        <Q5PGNM>CMS100</Q5PGNM>
        <Q5IBCA>ZBP_MPAGRP</Q5IBCA>
        <Q5RESP></Q5RESP>
        <Q5PAVR>STD01-00</Q5PAVR>
        <Q5PIC1>B</Q5PIC1>
        <Q5TX40>Standard view for sorting order 1</Q5TX40>
        <Q5TX15>Supply lead tm</Q5TX15>
        <Q5QTTP>01</Q5QTTP>
        <Q5COID>12</Q5COID>
        <Q5FLDI>IDSUNM</Q5FLDI>
        <Q5FLTY>A</Q5FLTY>
        <Q5MSID>WSU03C0</Q5MSID>
        <Q5FLDL>00036</Q5FLDL>
        <Q5FLLU>00036</Q5FLLU>
        <Q5FNDC>0</Q5FNDC>
        <Q5UNDC></Q5UNDC>
        <Q5ECDE></Q5ECDE>
        <Q5ECDU></Q5ECDU>
        <Q5SMFL>0</Q5SMFL>
        <Q5MXAV>0000000000000</Q5MXAV>
        <Q5SUMA>0</Q5SUMA>
        <Q5OMAX>0</Q5OMAX>
        <Q5SOSQ>000</Q5SOSQ>
        <Q5FDCA></Q5FDCA>
        <Q5DCNY>0</Q5DCNY>
        <Q5UDCN></Q5UDCN>
        <Q5EDFL>0</Q5EDFL>
        <Q5AGDR>00</Q5AGDR>
        <Q5AGUR>0</Q5AGUR>
        <Q5SUBR>0</Q5SUBR>
        <Q5DTFR></Q5DTFR>
        <Q5DCFM></Q5DCFM>
        <Q5DDBX>0</Q5DDBX></Fields></Add>
    <Add>
      <APIProgram>CRS020MI</APIProgram>
      <Transaction>UpdPanelVerCol</Transaction>
      <Fields>
        <Q5PGNM>CMS100</Q5PGNM>
        <Q5IBCA>ZBP_MPAGRP</Q5IBCA>
        <Q5RESP></Q5RESP>
        <Q5PAVR>STD01-00</Q5PAVR>
        <Q5PIC1>B</Q5PIC1>
        <Q5TX40>Standard view for sorting order 1</Q5TX40>
        <Q5TX15>Supply lead tm</Q5TX15>
        <Q5QTTP>01</Q5QTTP>
        <Q5COID>13</Q5COID>
        <Q5FLDI>AJPUPR</Q5FLDI>
        <Q5FLTY>P</Q5FLTY>
        <Q5MSID>WPU01CF</Q5MSID>
        <Q5FLDL>00019</Q5FLDL>
        <Q5FLLU>00019</Q5FLLU>
        <Q5FNDC>6</Q5FNDC>
        <Q5UNDC>2</Q5UNDC>
        <Q5ECDE>M</Q5ECDE>
        <Q5ECDU></Q5ECDU>
        <Q5SMFL>0</Q5SMFL>
        <Q5MXAV>0000000000000</Q5MXAV>
        <Q5SUMA>0</Q5SUMA>
        <Q5OMAX>0</Q5OMAX>
        <Q5SOSQ>000</Q5SOSQ>
        <Q5FDCA>C01</Q5FDCA>
        <Q5DCNY>0</Q5DCNY>
        <Q5UDCN></Q5UDCN>
        <Q5EDFL>0</Q5EDFL>
        <Q5AGDR>00</Q5AGDR>
        <Q5AGUR>0</Q5AGUR>
        <Q5SUBR>0</Q5SUBR>
        <Q5DTFR></Q5DTFR>
        <Q5DCFM></Q5DCFM>
        <Q5DDBX>0</Q5DDBX></Fields></Add>
    <Add>
      <APIProgram>CRS020MI</APIProgram>
      <Transaction>UpdPanelVerCol</Transaction>
      <Fields>
        <Q5PGNM>CMS100</Q5PGNM>
        <Q5IBCA>ZBP_MPAGRP</Q5IBCA>
        <Q5RESP></Q5RESP>
        <Q5PAVR>STD01-00</Q5PAVR>
        <Q5PIC1>B</Q5PIC1>
        <Q5TX40>Standard view for sorting order 1</Q5TX40>
        <Q5TX15>Supply lead tm</Q5TX15>
        <Q5QTTP>01</Q5QTTP>
        <Q5COID>14</Q5COID>
        <Q5FLDI>AIPUQT</Q5FLDI>
        <Q5FLTY>P</Q5FLTY>
        <Q5MSID>WPU05CF</Q5MSID>
        <Q5FLDL>00017</Q5FLDL>
        <Q5FLLU>00017</Q5FLLU>
        <Q5FNDC>6</Q5FNDC>
        <Q5UNDC></Q5UNDC>
        <Q5ECDE>M</Q5ECDE>
        <Q5ECDU></Q5ECDU>
        <Q5SMFL>0</Q5SMFL>
        <Q5MXAV>0000000000000</Q5MXAV>
        <Q5SUMA>0</Q5SUMA>
        <Q5OMAX>0</Q5OMAX>
        <Q5SOSQ>000</Q5SOSQ>
        <Q5FDCA>B01</Q5FDCA>
        <Q5DCNY>0</Q5DCNY>
        <Q5UDCN></Q5UDCN>
        <Q5EDFL>0</Q5EDFL>
        <Q5AGDR>00</Q5AGDR>
        <Q5AGUR>0</Q5AGUR>
        <Q5SUBR>0</Q5SUBR>
        <Q5DTFR></Q5DTFR>
        <Q5DCFM></Q5DCFM>
        <Q5DDBX>0</Q5DDBX></Fields></Add>
    <Add>
      <APIProgram>CRS020MI</APIProgram>
      <Transaction>UpdPanelVerCol</Transaction>
      <Fields>
        <Q5PGNM>CMS100</Q5PGNM>
        <Q5IBCA>ZBP_MPAGRP</Q5IBCA>
        <Q5RESP></Q5RESP>
        <Q5PAVR>STD01-00</Q5PAVR>
        <Q5PIC1>B</Q5PIC1>
        <Q5TX40>Standard view for sorting order 1</Q5TX40>
        <Q5TX15>Supply lead tm</Q5TX15>
        <Q5QTTP>01</Q5QTTP>
        <Q5COID>15</Q5COID>
        <Q5FLDI>AIUVDT</Q5FLDI>
        <Q5FLTY>P</Q5FLTY>
        <Q5MSID>WUVD1C0</Q5MSID>
        <Q5FLDL>00008</Q5FLDL>
        <Q5FLLU>00000</Q5FLLU>
        <Q5FNDC></Q5FNDC>
        <Q5UNDC></Q5UNDC>
        <Q5ECDE>Z</Q5ECDE>
        <Q5ECDU></Q5ECDU>
        <Q5SMFL>0</Q5SMFL>
        <Q5MXAV>0000000000000</Q5MXAV>
        <Q5SUMA>0</Q5SUMA>
        <Q5OMAX>0</Q5OMAX>
        <Q5SOSQ>000</Q5SOSQ>
        <Q5FDCA>D01</Q5FDCA>
        <Q5DCNY>0</Q5DCNY>
        <Q5UDCN></Q5UDCN>
        <Q5EDFL>0</Q5EDFL>
        <Q5AGDR>00</Q5AGDR>
        <Q5AGUR>0</Q5AGUR>
        <Q5SUBR>0</Q5SUBR>
        <Q5DTFR></Q5DTFR>
        <Q5DCFM></Q5DCFM>
        <Q5DDBX>0</Q5DDBX></Fields></Add>
    <Add>
      <APIProgram>CRS020MI</APIProgram>
      <Transaction>UpdPanelVerCol</Transaction>
      <Fields>
        <Q5PGNM>CMS100</Q5PGNM>
        <Q5IBCA>ZBP_MPAGRP</Q5IBCA>
        <Q5RESP></Q5RESP>
        <Q5PAVR>STD01-00</Q5PAVR>
        <Q5PIC1>B</Q5PIC1>
        <Q5TX40>Standard view for sorting order 1</Q5TX40>
        <Q5TX15>Supply lead tm</Q5TX15>
        <Q5QTTP>01</Q5QTTP>
        <Q5COID>16</Q5COID>
        <Q5FLDI>AHPAST</Q5FLDI>
        <Q5FLTY>A</Q5FLTY>
        <Q5MSID>WPA28C0</Q5MSID>
        <Q5FLDL>00003</Q5FLDL>
        <Q5FLLU>00000</Q5FLLU>
        <Q5FNDC>0</Q5FNDC>
        <Q5UNDC></Q5UNDC>
        <Q5ECDE></Q5ECDE>
        <Q5ECDU></Q5ECDU>
        <Q5SMFL>-1</Q5SMFL>
        <Q5MXAV>0000000000000</Q5MXAV>
        <Q5SUMA>0</Q5SUMA>
        <Q5OMAX>0</Q5OMAX>
        <Q5SOSQ>000</Q5SOSQ>
        <Q5FDCA></Q5FDCA>
        <Q5DCNY>0</Q5DCNY>
        <Q5UDCN></Q5UDCN>
        <Q5EDFL>0</Q5EDFL>
        <Q5AGDR>00</Q5AGDR>
        <Q5AGUR>0</Q5AGUR>
        <Q5SUBR>0</Q5SUBR>
        <Q5DTFR></Q5DTFR>
        <Q5DCFM></Q5DCFM>
        <Q5DDBX>0</Q5DDBX></Fields></Add>
    <Delete>
      <APIProgram>CRS020MI</APIProgram>
      <Transaction>DelPanelVersion</Transaction>
      <Fields>
        <Q4PGNM>CMS100</Q4PGNM>
        <Q4RESP></Q4RESP>
        <Q4PAVR>STD02-00</Q4PAVR>
        <Q4PIC1>B</Q4PIC1>
        <Q4IBCA>ZBP_MPAGRP</Q4IBCA></Fields></Delete>
    <Add>
      <APIProgram>CRS020MI</APIProgram>
      <Transaction>UpdPanelVerCol</Transaction>
      <Fields>
        <Q5PGNM>CMS100</Q5PGNM>
        <Q5IBCA>ZBP_MPAGRP</Q5IBCA>
        <Q5RESP></Q5RESP>
        <Q5PAVR>STD02-00</Q5PAVR>
        <Q5PIC1>B</Q5PIC1>
        <Q5TX40>Standard view for sorting order 2</Q5TX40>
        <Q5TX15>Std view srt 2</Q5TX15>
        <Q5QTTP>02</Q5QTTP>
        <Q5COID>01</Q5COID>
        <Q5FLDI>AJSUNO</Q5FLDI>
        <Q5FLTY>A</Q5FLTY>
        <Q5MSID>WSU01C0</Q5MSID>
        <Q5FLDL>00010</Q5FLDL>
        <Q5FLLU>00000</Q5FLLU>
        <Q5FNDC>0</Q5FNDC>
        <Q5UNDC></Q5UNDC>
        <Q5ECDE></Q5ECDE>
        <Q5ECDU></Q5ECDU>
        <Q5SMFL>0</Q5SMFL>
        <Q5MXAV>0000000000000</Q5MXAV>
        <Q5SUMA>0</Q5SUMA>
        <Q5OMAX>0</Q5OMAX>
        <Q5SOSQ>000</Q5SOSQ>
        <Q5FDCA></Q5FDCA>
        <Q5DCNY>0</Q5DCNY>
        <Q5UDCN></Q5UDCN>
        <Q5EDFL>0</Q5EDFL>
        <Q5AGDR>00</Q5AGDR>
        <Q5AGUR>0</Q5AGUR>
        <Q5SUBR>2</Q5SUBR>
        <Q5DTFR></Q5DTFR>
        <Q5DCFM></Q5DCFM>
        <Q5DDBX>0</Q5DDBX></Fields></Add>
    <Add>
      <APIProgram>CRS020MI</APIProgram>
      <Transaction>UpdPanelVerCol</Transaction>
      <Fields>
        <Q5PGNM>CMS100</Q5PGNM>
        <Q5IBCA>ZBP_MPAGRP</Q5IBCA>
        <Q5RESP></Q5RESP>
        <Q5PAVR>STD02-00</Q5PAVR>
        <Q5PIC1>B</Q5PIC1>
        <Q5TX40>Standard view for sorting order 2</Q5TX40>
        <Q5TX15>Std view srt 2</Q5TX15>
        <Q5QTTP>02</Q5QTTP>
        <Q5COID>02</Q5COID>
        <Q5FLDI>AJAGNB</Q5FLDI>
        <Q5FLTY>A</Q5FLTY>
        <Q5MSID>WAG11C0</Q5MSID>
        <Q5FLDL>00007</Q5FLDL>
        <Q5FLLU>00000</Q5FLLU>
        <Q5FNDC>0</Q5FNDC>
        <Q5UNDC></Q5UNDC>
        <Q5ECDE></Q5ECDE>
        <Q5ECDU></Q5ECDU>
        <Q5SMFL>0</Q5SMFL>
        <Q5MXAV>0000000000000</Q5MXAV>
        <Q5SUMA>0</Q5SUMA>
        <Q5OMAX>0</Q5OMAX>
        <Q5SOSQ>000</Q5SOSQ>
        <Q5FDCA></Q5FDCA>
        <Q5DCNY>0</Q5DCNY>
        <Q5UDCN></Q5UDCN>
        <Q5EDFL>0</Q5EDFL>
        <Q5AGDR>00</Q5AGDR>
        <Q5AGUR>0</Q5AGUR>
        <Q5SUBR>0</Q5SUBR>
        <Q5DTFR></Q5DTFR>
        <Q5DCFM></Q5DCFM>
        <Q5DDBX>0</Q5DDBX></Fields></Add>
    <Add>
      <APIProgram>CRS020MI</APIProgram>
      <Transaction>UpdPanelVerCol</Transaction>
      <Fields>
        <Q5PGNM>CMS100</Q5PGNM>
        <Q5IBCA>ZBP_MPAGRP</Q5IBCA>
        <Q5RESP></Q5RESP>
        <Q5PAVR>STD02-00</Q5PAVR>
        <Q5PIC1>B</Q5PIC1>
        <Q5TX40>Standard view for sorting order 2</Q5TX40>
        <Q5TX15>Std view srt 2</Q5TX15>
        <Q5QTTP>02</Q5QTTP>
        <Q5COID>03</Q5COID>
        <Q5FLDI>AJSEQN</Q5FLDI>
        <Q5FLTY>P</Q5FLTY>
        <Q5MSID>WSE00C0</Q5MSID>
        <Q5FLDL>00007</Q5FLDL>
        <Q5FLLU>00000</Q5FLLU>
        <Q5FNDC>0</Q5FNDC>
        <Q5UNDC></Q5UNDC>
        <Q5ECDE>4</Q5ECDE>
        <Q5ECDU></Q5ECDU>
        <Q5SMFL>0</Q5SMFL>
        <Q5MXAV>0000000000000</Q5MXAV>
        <Q5SUMA>0</Q5SUMA>
        <Q5OMAX>0</Q5OMAX>
        <Q5SOSQ>000</Q5SOSQ>
        <Q5FDCA></Q5FDCA>
        <Q5DCNY>0</Q5DCNY>
        <Q5UDCN></Q5UDCN>
        <Q5EDFL>0</Q5EDFL>
        <Q5AGDR>00</Q5AGDR>
        <Q5AGUR>0</Q5AGUR>
        <Q5SUBR>0</Q5SUBR>
        <Q5DTFR></Q5DTFR>
        <Q5DCFM></Q5DCFM>
        <Q5DDBX>0</Q5DDBX></Fields></Add>
    <Add>
      <APIProgram>CRS020MI</APIProgram>
      <Transaction>UpdPanelVerCol</Transaction>
      <Fields>
        <Q5PGNM>CMS100</Q5PGNM>
        <Q5IBCA>ZBP_MPAGRP</Q5IBCA>
        <Q5RESP></Q5RESP>
        <Q5PAVR>STD02-00</Q5PAVR>
        <Q5PIC1>B</Q5PIC1>
        <Q5TX40>Standard view for sorting order 2</Q5TX40>
        <Q5TX15>Std view srt 2</Q5TX15>
        <Q5QTTP>02</Q5QTTP>
        <Q5COID>04</Q5COID>
        <Q5FLDI>AJFRQT</Q5FLDI>
        <Q5FLTY>P</Q5FLTY>
        <Q5MSID>WFR06C0</Q5MSID>
        <Q5FLDL>00017</Q5FLDL>
        <Q5FLLU>00000</Q5FLLU>
        <Q5FNDC>6</Q5FNDC>
        <Q5UNDC></Q5UNDC>
        <Q5ECDE>M</Q5ECDE>
        <Q5ECDU></Q5ECDU>
        <Q5SMFL>0</Q5SMFL>
        <Q5MXAV>0000000000000</Q5MXAV>
        <Q5SUMA>0</Q5SUMA>
        <Q5OMAX>0</Q5OMAX>
        <Q5SOSQ>000</Q5SOSQ>
        <Q5FDCA>B01</Q5FDCA>
        <Q5DCNY>0</Q5DCNY>
        <Q5UDCN></Q5UDCN>
        <Q5EDFL>0</Q5EDFL>
        <Q5AGDR>00</Q5AGDR>
        <Q5AGUR>0</Q5AGUR>
        <Q5SUBR>1</Q5SUBR>
        <Q5DTFR></Q5DTFR>
        <Q5DCFM></Q5DCFM>
        <Q5DDBX>0</Q5DDBX></Fields></Add>
    <Add>
      <APIProgram>CRS020MI</APIProgram>
      <Transaction>UpdPanelVerCol</Transaction>
      <Fields>
        <Q5PGNM>CMS100</Q5PGNM>
        <Q5IBCA>ZBP_MPAGRP</Q5IBCA>
        <Q5RESP></Q5RESP>
        <Q5PAVR>STD02-00</Q5PAVR>
        <Q5PIC1>B</Q5PIC1>
        <Q5TX40>Standard view for sorting order 2</Q5TX40>
        <Q5TX15>Std view srt 2</Q5TX15>
        <Q5QTTP>02</Q5QTTP>
        <Q5COID>05</Q5COID>
        <Q5FLDI>AJGRPI</Q5FLDI>
        <Q5FLTY>P</Q5FLTY>
        <Q5MSID>WGR36C0</Q5MSID>
        <Q5FLDL>00003</Q5FLDL>
        <Q5FLLU>00000</Q5FLLU>
        <Q5FNDC>0</Q5FNDC>
        <Q5UNDC></Q5UNDC>
        <Q5ECDE>4</Q5ECDE>
        <Q5ECDU></Q5ECDU>
        <Q5SMFL>-1</Q5SMFL>
        <Q5MXAV>0000000000000</Q5MXAV>
        <Q5SUMA>0</Q5SUMA>
        <Q5OMAX>0</Q5OMAX>
        <Q5SOSQ>000</Q5SOSQ>
        <Q5FDCA></Q5FDCA>
        <Q5DCNY>0</Q5DCNY>
        <Q5UDCN></Q5UDCN>
        <Q5EDFL>0</Q5EDFL>
        <Q5AGDR>00</Q5AGDR>
        <Q5AGUR>0</Q5AGUR>
        <Q5SUBR>0</Q5SUBR>
        <Q5DTFR></Q5DTFR>
        <Q5DCFM></Q5DCFM>
        <Q5DDBX>0</Q5DDBX></Fields></Add>
    <Add>
      <APIProgram>CRS020MI</APIProgram>
      <Transaction>UpdPanelVerCol</Transaction>
      <Fields>
        <Q5PGNM>CMS100</Q5PGNM>
        <Q5IBCA>ZBP_MPAGRP</Q5IBCA>
        <Q5RESP></Q5RESP>
        <Q5PAVR>STD02-00</Q5PAVR>
        <Q5PIC1>B</Q5PIC1>
        <Q5TX40>Standard view for sorting order 2</Q5TX40>
        <Q5TX15>Std view srt 2</Q5TX15>
        <Q5QTTP>02</Q5QTTP>
        <Q5COID>06</Q5COID>
        <Q5FLDI>AJOBV1</Q5FLDI>
        <Q5FLTY>A</Q5FLTY>
        <Q5MSID>WOB21C0</Q5MSID>
        <Q5FLDL>00020</Q5FLDL>
        <Q5FLLU>00000</Q5FLLU>
        <Q5FNDC>0</Q5FNDC>
        <Q5UNDC></Q5UNDC>
        <Q5ECDE></Q5ECDE>
        <Q5ECDU></Q5ECDU>
        <Q5SMFL>0</Q5SMFL>
        <Q5MXAV>0000000000000</Q5MXAV>
        <Q5SUMA>0</Q5SUMA>
        <Q5OMAX>0</Q5OMAX>
        <Q5SOSQ>000</Q5SOSQ>
        <Q5FDCA></Q5FDCA>
        <Q5DCNY>0</Q5DCNY>
        <Q5UDCN></Q5UDCN>
        <Q5EDFL>0</Q5EDFL>
        <Q5AGDR>00</Q5AGDR>
        <Q5AGUR>0</Q5AGUR>
        <Q5SUBR>0</Q5SUBR>
        <Q5DTFR></Q5DTFR>
        <Q5DCFM></Q5DCFM>
        <Q5DDBX>0</Q5DDBX></Fields></Add>
    <Add>
      <APIProgram>CRS020MI</APIProgram>
      <Transaction>UpdPanelVerCol</Transaction>
      <Fields>
        <Q5PGNM>CMS100</Q5PGNM>
        <Q5IBCA>ZBP_MPAGRP</Q5IBCA>
        <Q5RESP></Q5RESP>
        <Q5PAVR>STD02-00</Q5PAVR>
        <Q5PIC1>B</Q5PIC1>
        <Q5TX40>Standard view for sorting order 2</Q5TX40>
        <Q5TX15>Std view srt 2</Q5TX15>
        <Q5QTTP>02</Q5QTTP>
        <Q5COID>07</Q5COID>
        <Q5FLDI>AJOBV2</Q5FLDI>
        <Q5FLTY>A</Q5FLTY>
        <Q5MSID>WOB22C0</Q5MSID>
        <Q5FLDL>00020</Q5FLDL>
        <Q5FLLU>00000</Q5FLLU>
        <Q5FNDC>0</Q5FNDC>
        <Q5UNDC></Q5UNDC>
        <Q5ECDE></Q5ECDE>
        <Q5ECDU></Q5ECDU>
        <Q5SMFL>0</Q5SMFL>
        <Q5MXAV>0000000000000</Q5MXAV>
        <Q5SUMA>0</Q5SUMA>
        <Q5OMAX>0</Q5OMAX>
        <Q5SOSQ>000</Q5SOSQ>
        <Q5FDCA></Q5FDCA>
        <Q5DCNY>0</Q5DCNY>
        <Q5UDCN></Q5UDCN>
        <Q5EDFL>0</Q5EDFL>
        <Q5AGDR>00</Q5AGDR>
        <Q5AGUR>0</Q5AGUR>
        <Q5SUBR>0</Q5SUBR>
        <Q5DTFR></Q5DTFR>
        <Q5DCFM></Q5DCFM>
        <Q5DDBX>0</Q5DDBX></Fields></Add>
    <Add>
      <APIProgram>CRS020MI</APIProgram>
      <Transaction>UpdPanelVerCol</Transaction>
      <Fields>
        <Q5PGNM>CMS100</Q5PGNM>
        <Q5IBCA>ZBP_MPAGRP</Q5IBCA>
        <Q5RESP></Q5RESP>
        <Q5PAVR>STD02-00</Q5PAVR>
        <Q5PIC1>B</Q5PIC1>
        <Q5TX40>Standard view for sorting order 2</Q5TX40>
        <Q5TX15>Std view srt 2</Q5TX15>
        <Q5QTTP>02</Q5QTTP>
        <Q5COID>08</Q5COID>
        <Q5FLDI>AJOBV3</Q5FLDI>
        <Q5FLTY>A</Q5FLTY>
        <Q5MSID>WOB23C0</Q5MSID>
        <Q5FLDL>00020</Q5FLDL>
        <Q5FLLU>00000</Q5FLLU>
        <Q5FNDC>0</Q5FNDC>
        <Q5UNDC></Q5UNDC>
        <Q5ECDE></Q5ECDE>
        <Q5ECDU></Q5ECDU>
        <Q5SMFL>0</Q5SMFL>
        <Q5MXAV>0000000000000</Q5MXAV>
        <Q5SUMA>0</Q5SUMA>
        <Q5OMAX>0</Q5OMAX>
        <Q5SOSQ>000</Q5SOSQ>
        <Q5FDCA></Q5FDCA>
        <Q5DCNY>0</Q5DCNY>
        <Q5UDCN></Q5UDCN>
        <Q5EDFL>0</Q5EDFL>
        <Q5AGDR>00</Q5AGDR>
        <Q5AGUR>0</Q5AGUR>
        <Q5SUBR>0</Q5SUBR>
        <Q5DTFR></Q5DTFR>
        <Q5DCFM></Q5DCFM>
        <Q5DDBX>0</Q5DDBX></Fields></Add>
    <Delete>
      <APIProgram>CRS022MI</APIProgram>
      <Transaction>DelSortOrder</Transaction>
      <Fields>
        <Q2PGNM>CMS100</Q2PGNM>
        <Q2QTTP>01</Q2QTTP>
        <Q2IBCA>ZBP_MPAGRP</Q2IBCA></Fields></Delete>
    <Add>
      <APIProgram>CRS022MI</APIProgram>
      <Transaction>AddSortOrder</Transaction>
      <Fields>
        <Q0PGNM>CMS100</Q0PGNM>
        <Q0QTTP>01</Q0QTTP>
        <Q0TX40>Supplier, Agr number, Group ID, St value</Q0TX40>
        <Q0TX15>Suppl, Agr</Q0TX15>
        <Q0FILE>MPAGRP</Q0FILE>
        <Q0SOPT>00</Q0SOPT>
        <Q0NFTR>0</Q0NFTR>
        <Q0PAV1>STD01-00</Q0PAV1>
        <Q0AGGR>0</Q0AGGR>
        <Q0SOZ1>00</Q0SOZ1>
        <Q0SOZ2>00</Q0SOZ2>
        <Q0SOZ3>00</Q0SOZ3>
        <Q0SOZ4>00</Q0SOZ4>
        <Q0SOZ5>00</Q0SOZ5>
        <Q0SOZ6>00</Q0SOZ6>
        <Q0IBCA>ZBP_MPAGRP</Q0IBCA>
        <Q0SNDI>0</Q0SNDI>
        <Q0CHNF>0</Q0CHNF>
        <Q0CHAG>0</Q0CHAG>
        <Q0AGRG>0</Q0AGRG>
        <Q0MXRE>000000</Q0MXRE>
        <Q0JNSO>0</Q0JNSO>
        <Q0SUB1>00</Q0SUB1>
        <Q0SUB2>00</Q0SUB2>
        <Q0SUB3>00</Q0SUB3>
        <Q0HLAL>0</Q0HLAL>
        <Q0SDSN>0</Q0SDSN></Fields></Add>
    <Delete>
      <APIProgram>CRS022MI</APIProgram>
      <Transaction>DelSortOrder</Transaction>
      <Fields>
        <Q2PGNM>CMS100</Q2PGNM>
        <Q2QTTP>02</Q2QTTP>
        <Q2IBCA>ZBP_MPAGRP</Q2IBCA></Fields></Delete>
    <Add>
      <APIProgram>CRS022MI</APIProgram>
      <Transaction>AddSortOrder</Transaction>
      <Fields>
        <Q0PGNM>CMS100</Q0PGNM>
        <Q0QTTP>02</Q0QTTP>
        <Q0TX40>Supplier, Agr number, Seq no, From qty</Q0TX40>
        <Q0TX15>Suppl, Agr</Q0TX15>
        <Q0FILE>MPAGRP</Q0FILE>
        <Q0SOPT>30</Q0SOPT>
        <Q0NFTR>0</Q0NFTR>
        <Q0PAV1>STD02-00</Q0PAV1>
        <Q0AGGR>0</Q0AGGR>
        <Q0SOZ1>00</Q0SOZ1>
        <Q0SOZ2>00</Q0SOZ2>
        <Q0SOZ3>00</Q0SOZ3>
        <Q0SOZ4>00</Q0SOZ4>
        <Q0SOZ5>00</Q0SOZ5>
        <Q0SOZ6>00</Q0SOZ6>
        <Q0IBCA>ZBP_MPAGRP</Q0IBCA>
        <Q0SNDI>0</Q0SNDI>
        <Q0CHNF>0</Q0CHNF>
        <Q0CHAG>0</Q0CHAG>
        <Q0AGRG>0</Q0AGRG>
        <Q0MXRE>000000</Q0MXRE>
        <Q0JNSO>0</Q0JNSO>
        <Q0SUB1>00</Q0SUB1>
        <Q0SUB2>00</Q0SUB2>
        <Q0SUB3>00</Q0SUB3>
        <Q0HLAL>0</Q0HLAL>
        <Q0SDSN>0</Q0SDSN></Fields></Add>
    <Delete>
      <APIProgram>CMS015MI</APIProgram>
      <Transaction>DltMIRepository</Transaction>
      <Fields>
        <Q4TRID>LstZBP_MPAGRP</Q4TRID></Fields></Delete>
    <Delete>
      <APIProgram>CMS015MI</APIProgram>
      <Transaction>DltCustomMI</Transaction>
      <Fields>
        <Q4TRID>LstZBP_MPAGRP</Q4TRID></Fields></Delete>
    <Add>
      <APIProgram>CMS015MI</APIProgram>
      <Transaction>ImportCustomMI</Transaction>
      <Fields>
        <Q7TRID>LstZBP_MPAGRP</Q7TRID>
        <Q7TX40>Buyer Portal</Q7TX40>
        <Q7TX15>Buyer Portal</Q7TX15>
        <Q7IBCA>ZBP_MPAGRP</Q7IBCA>
        <Q7PAVR>STD01-00</Q7PAVR>
        <Q7SLF1>AJOBV1</Q7SLF1>
        <Q7SLF2>AJFVDT</Q7SLF2>
        <Q7SLF3>AJSUNO</Q7SLF3>
        <Q7QTTP>01</Q7QTTP>
        <Q7NFTR>0</Q7NFTR>
        <Q7AGGR>0</Q7AGGR>
        <Q7SUB1>00</Q7SUB1>
        <Q7SUB2>00</Q7SUB2>
        <Q7SUB3>00</Q7SUB3>
        <Q7SACH>0</Q7SACH>
        <Q7INBO>0</Q7INBO>
        <Q7MXRE>000000</Q7MXRE>
        <Q7NFSL>0</Q7NFSL></Fields></Add>
    <Add>
      <APIProgram>CMS015MI</APIProgram>
      <Transaction>UpdMIRepository</Transaction>
      <Fields>
        <Q6TRID>LstZBP_MPAGRP</Q6TRID></Fields></Add></Content></M3_Customer_MI_Group_Content>